{"fire":[{"name":"Cinder Pop","kind":"nuke","scales":"attack","fx":"sparks"},{"name":"Warm Surge","kind":"heal","scales":"spirit","fx":"embers"},{"name":"Sear Line","kind":"dot","scales":"attack","fx":"embers"}],"shadow":[{"name":"Anxiety Bite","kind":"dot","scales":"attack","fx":"smoke"},{"name":"Veil","kind":"shield","scales":"spirit","fx":"haze"},{"name":"Night Jitter","kind":"slow","scales":"spirit","fx":"wisp"}],"light":[{"name":"Halo Pulse","kind":"aoe","scales":"spirit","fx":"rays"},{"name":"Clarity Beam","kind":"cleanse","scales":"spirit","fx":"shine"}],"water":[{"name":"Ripple Shot","kind":"nuke","scales":"attack","fx":"drops"},{"name":"Brine Mist","kind":"dot","scales":"attack","fx":"spray"}],"nature":[{"name":"Seed Shield","kind":"shield","scales":"spirit","fx":"leaves"},{"name":"Thorn Prick","kind":"poke","scales":"attack","fx":"thorns"}],"air":[{"name":"Gasp Push","kind":"knockback","scales":"attack","fx":"gust"},{"name":"Zephyr Wrap","kind":"shield","scales":"spirit","fx":"swirl"}],"metal":[{"name":"Gear Grind","kind":"dot","scales":"attack","fx":"sparks"},{"name":"Aegis Plate","kind":"shield","scales":"spirit","fx":"clang"}]}