{"unanger":{"pos":"noun","themes":["general"],"elements":["fire"],"related":["bloom","wisp","root","pulse","thorn","drift","spiral"],"weights":{"sprite":0.35,"monster":0.65},"rarity":"uncommon","tags_hint":["general"]},"unbreak":{"pos":"noun","themes":["general"],"elements":["air"],"related":["gleam","ripple","echo","wisp","spiral","trace","draft","glimmer"],"weights":{"sprite":0.5,"monster":0.5},"rarity":"uncommon","tags_hint":["general"]},"unbreathe":{"pos":"noun","themes":["wellbeing"],"elements":["air"],"related":["ray","flare","thorn","pulse","zephyr","groove","prism","sough","ripple"],"weights":{"sprite":0.5,"monster":0.5},"rarity":"uncommon","tags_hint":["wellbeing"]},"uncall":{"pos":"noun","themes":["general"],"elements":["air"],"related":["tide","draft","flare","trace","wisp","ripple","zephyr","gleam","pulse"],"weights":{"sprite":0.5,"monster":0.5},"rarity":"uncommon","tags_hint":["general"]},"unclinic":{"pos":"noun","themes":["general"],"elements":["air"],"related":["thorn","whirl","groove","step","draft","veil","flare","ember","haze"],"weights":{"sprite":0.5,"monster":0.5},"rarity":"uncommon","tags_hint":["general"]},"uncramp":{"pos":"noun","themes":["general"],"elements":["air"],"related":["zephyr","cinder","aperture","sigh","hum","haze","pulse"],"weights":{"sprite":0.5,"monster":0.5},"rarity":"uncommon","tags_hint":["general"]},"uncreate":{"pos":"noun","themes":["general"],"elements":["air"],"related":["echo","glimmer","seed","step","spiral","ember","sough","knot"],"weights":{"sprite":0.5,"monster":0.5},"rarity":"uncommon","tags_hint":["general"]},"underafternoon":{"pos":"noun","themes":["general"],"elements":["air"],"related":["whirl","knot","aperture","drift","bloom","cinder","surge","loop"],"weights":{"sprite":0.5,"monster":0.5},"rarity":"epic","tags_hint":["general"]},"underanger":{"pos":"noun","themes":["general"],"elements":["fire"],"related":["spoke","seed","trace","veil","hum","gust","tremor","haze"],"weights":{"sprite":0.35,"monster":0.65},"rarity":"rare","tags_hint":["general"]},"underboundary":{"pos":"noun","themes":["general"],"elements":["air"],"related":["knot","spark","veil","ripple","haze","zephyr","tide","ray"],"weights":{"sprite":0.5,"monster":0.5},"rarity":"epic","tags_hint":["general"]},"underbreath":{"pos":"noun","themes":["wellbeing"],"elements":["air"],"related":["sigh","ripple","tide","tremor","wisp","echo","groove"],"weights":{"sprite":0.5,"monster":0.5},"rarity":"rare","tags_hint":["wellbeing"]},"underburnout":{"pos":"noun","themes":["anxiety"],"elements":["fire"],"related":["prism","rift","drift","wisp","tremor","cinder"],"weights":{"sprite":0.5,"monster":0.5},"rarity":"rare","tags_hint":["anxiety"]},"underbuzz":{"pos":"noun","themes":["general"],"elements":["air"],"related":["gust","spiral","spark","prism","crest","ember"],"weights":{"sprite":0.5,"monster":0.5},"rarity":"uncommon","tags_hint":["general"]},"undercalm":{"pos":"noun","themes":["general"],"elements":["air"],"related":["tremor","whirl","haze","drift","groove","veil","surge"],"weights":{"sprite":0.6,"monster":0.4},"rarity":"uncommon","tags_hint":["general"]},"underclean":{"pos":"noun","themes":["general"],"elements":["air"],"related":["aperture","echo","gust","loop","wisp","zephyr","surge"],"weights":{"sprite":0.5,"monster":0.5},"rarity":"rare","tags_hint":["general"]},"underclinic":{"pos":"noun","themes":["general"],"elements":["air"],"related":["spiral","ripple","veil","wisp","flare","cinder","step"],"weights":{"sprite":0.5,"monster":0.5},"rarity":"rare","tags_hint":["general"]},"underconfidence":{"pos":"noun","themes":["general"],"elements":["air"],"related":["ray","bloom","tremor","whirl","glimmer","cinder","trace","sough"],"weights":{"sprite":0.5,"monster":0.5},"rarity":"epic","tags_hint":["general"]},"undercuriosity":{"pos":"noun","themes":["general"],"elements":["air"],"related":["root","thorn","cinder","echo","zephyr","trace","wisp","sough"],"weights":{"sprite":0.5,"monster":0.5},"rarity":"epic","tags_hint":["general"]},"underdeclutter":{"pos":"noun","themes":["general"],"elements":["air"],"related":["tremor","ray","crest","zephyr","spark","aperture","groove","step"],"weights":{"sprite":0.5,"monster":0.5},"rarity":"epic","tags_hint":["general"]},"underdizzy":{"pos":"noun","themes":["general"],"elements":["air"],"related":["step","gust","aperture","thorn","loop","root","wisp","cinder","glimmer"],"weights":{"sprite":0.5,"monster":0.5},"rarity":"rare","tags_hint":["general"]},"underexcitement":{"pos":"noun","themes":["general"],"elements":["air"],"related":["gust","cinder","tide","surge","crest","gleam","trace"],"weights":{"sprite":0.5,"monster":0.5},"rarity":"epic","tags_hint":["general"]},"underfamily":{"pos":"noun","themes":["social"],"elements":["air"],"related":["pulse","trace","drift","whirl","surge","spoke","cinder","echo"],"weights":{"sprite":0.5,"monster":0.5},"rarity":"rare","tags_hint":["social"]},"undergoal":{"pos":"noun","themes":["habits"],"elements":["air"],"related":["wisp","spoke","glimmer","spark","sough","flare","drift","hum"],"weights":{"sprite":0.5,"monster":0.5},"rarity":"uncommon","tags_hint":["habits"]},"underjealousy":{"pos":"noun","themes":["general"],"elements":["air"],"related":["tide","spark","crest","pulse","thorn","spiral","loop","hum","knot","surge"],"weights":{"sprite":0.5,"monster":0.5},"rarity":"epic","tags_hint":["general"]},"underlog":{"pos":"noun","themes":["general"],"elements":["air"],"related":["pulse","spoke","spiral","tremor","echo","cinder","prism","gust","veil"],"weights":{"sprite":0.5,"monster":0.5},"rarity":"uncommon","tags_hint":["general"]},"undermelancholy":{"pos":"noun","themes":["general"],"elements":["air"],"related":["prism","rift","sough","thorn","surge","spark","drift","hum","pulse","cinder"],"weights":{"sprite":0.5,"monster":0.5},"rarity":"epic","tags_hint":["general"]},"undermigraine":{"pos":"noun","themes":["general"],"elements":["air"],"related":["prism","hum","sough","ray","loop","drift","tide"],"weights":{"sprite":0.5,"monster":0.5},"rarity":"epic","tags_hint":["general"]},"undermotivation":{"pos":"noun","themes":["general"],"elements":["air"],"related":["gleam","haze","prism","whirl","cinder","ember"],"weights":{"sprite":0.5,"monster":0.5},"rarity":"epic","tags_hint":["general"]},"underpanic":{"pos":"noun","themes":["anxiety"],"elements":["air"],"related":["glimmer","tide","ray","spiral","drift","groove","cinder"],"weights":{"sprite":0.35,"monster":0.65},"rarity":"rare","tags_hint":["anxiety"]},"underpride":{"pos":"noun","themes":["general"],"elements":["air"],"related":["draft","ray","spiral","cinder","knot","glimmer","tide","gleam","ember"],"weights":{"sprite":0.5,"monster":0.5},"rarity":"rare","tags_hint":["general"]},"underrest":{"pos":"noun","themes":["sleep"],"elements":["air"],"related":["gleam","aperture","spiral","ember","flare","whirl","glimmer"],"weights":{"sprite":0.5,"monster":0.5},"rarity":"uncommon","tags_hint":["sleep"]},"undersadness":{"pos":"noun","themes":["general"],"elements":["air"],"related":["cinder","gust","gleam","whirl","thorn","trace","aperture"],"weights":{"sprite":0.5,"monster":0.5},"rarity":"rare","tags_hint":["general"]},"undersetback":{"pos":"noun","themes":["general"],"elements":["air"],"related":["crest","ripple","spoke","trace","echo","sigh","spark","ember"],"weights":{"sprite":0.5,"monster":0.5},"rarity":"rare","tags_hint":["general"]},"undershame":{"pos":"noun","themes":["general"],"elements":["air"],"related":["cinder","glimmer","trace","spiral","veil","tide"],"weights":{"sprite":0.5,"monster":0.5},"rarity":"rare","tags_hint":["general"]},"understudio":{"pos":"noun","themes":["general"],"elements":["air"],"related":["bloom","pulse","seed","spark","step","spoke"],"weights":{"sprite":0.5,"monster":0.5},"rarity":"rare","tags_hint":["general"]},"undersupport":{"pos":"noun","themes":["general"],"elements":["air"],"related":["draft","echo","haze","surge","wisp","gust","prism"],"weights":{"sprite":0.5,"monster":0.5},"rarity":"rare","tags_hint":["general"]},"underteam":{"pos":"noun","themes":["social"],"elements":["air"],"related":["drift","gleam","step","prism","ripple","haze","tide"],"weights":{"sprite":0.5,"monster":0.5},"rarity":"uncommon","tags_hint":["social"]},"undertrend":{"pos":"noun","themes":["general"],"elements":["air"],"related":["zephyr","sigh","echo","veil","prism","thorn","knot"],"weights":{"sprite":0.5,"monster":0.5},"rarity":"rare","tags_hint":["general"]},"underwalk":{"pos":"noun","themes":["wellbeing"],"elements":["air"],"related":["loop","hum","drift","cinder","spark","ray","seed","sough"],"weights":{"sprite":0.5,"monster":0.5},"rarity":"uncommon","tags_hint":["wellbeing"]},"unemail":{"pos":"noun","themes":["general"],"elements":["air"],"related":["wisp","spiral","sough","pulse","spark","spoke","trace","loop"],"weights":{"sprite":0.5,"monster":0.5},"rarity":"uncommon","tags_hint":["general"]},"unevening":{"pos":"verb","themes":["general"],"elements":["air"],"related":["ripple","ray","surge","zephyr","sough","prism","spark","seed","aperture","knot"],"weights":{"sprite":0.6,"monster":0.4},"rarity":"uncommon","tags_hint":["general"]},"unexcitement":{"pos":"noun","themes":["general"],"elements":["air"],"related":["sough","draft","tremor","aperture","root","tide"],"weights":{"sprite":0.5,"monster":0.5},"rarity":"rare","tags_hint":["general"]},"unfear":{"pos":"noun","themes":["anxiety"],"elements":["shadow"],"related":["rift","aperture","haze","seed","spiral","ray","bloom"],"weights":{"sprite":0.35,"monster":0.65},"rarity":"common","tags_hint":["anxiety"]},"unheartbeat":{"pos":"noun","themes":["general"],"elements":["air"],"related":["sough","echo","spark","flare","prism","step","sigh","root"],"weights":{"sprite":0.5,"monster":0.5},"rarity":"rare","tags_hint":["general"]},"unjoy":{"pos":"noun","themes":["general"],"elements":["air"],"related":["flare","spoke","ripple","zephyr","bloom","step","echo"],"weights":{"sprite":0.6,"monster":0.4},"rarity":"common","tags_hint":["general"]},"unmemory":{"pos":"noun","themes":["general"],"elements":["air"],"related":["knot","step","draft","groove","surge","wisp","rift"],"weights":{"sprite":0.5,"monster":0.5},"rarity":"uncommon","tags_hint":["general"]},"unmessage":{"pos":"noun","themes":["general"],"elements":["air"],"related":["wisp","root","zephyr","prism","thorn","drift"],"weights":{"sprite":0.5,"monster":0.5},"rarity":"uncommon","tags_hint":["general"]}}