{"rage":{"pos":"noun","themes":["general"],"elements":["fire"],"related":["gust","tremor","root","seed","char","gleam","whirl","glimmer"],"weights":{"sprite":0.35,"monster":0.65},"rarity":"common","tags_hint":["general"]},"rageed":{"pos":"noun","themes":["general"],"elements":["fire"],"related":["ash","spiral","ember","ripple","smoke","tremor"],"weights":{"sprite":0.35,"monster":0.65},"rarity":"common","tags_hint":["general"]},"rageful":{"pos":"noun","themes":["general"],"elements":["fire"],"related":["root","spark","prism","veil","glimmer","ripple","ash","spiral"],"weights":{"sprite":0.35,"monster":0.65},"rarity":"uncommon","tags_hint":["general"]},"ragement":{"pos":"noun","themes":["general"],"elements":["fire"],"related":["surge","ray","bloom","crest","gleam","aperture"],"weights":{"sprite":0.35,"monster":0.65},"rarity":"uncommon","tags_hint":["general"]},"rageship":{"pos":"noun","themes":["general"],"elements":["fire"],"related":["groove","surge","spiral","bloom","rift","whirl","flare","gleam"],"weights":{"sprite":0.35,"monster":0.65},"rarity":"uncommon","tags_hint":["general"]},"ragestate":{"pos":"noun","themes":["general"],"elements":["fire"],"related":["echo","tide","glimmer","groove","pulse","haze","spark"],"weights":{"sprite":0.35,"monster":0.65},"rarity":"uncommon","tags_hint":["general"]},"read":{"pos":"noun","themes":["general"],"elements":["light"],"related":["loop","glow","wisp","spoke","hum","beam","groove","root","ripple"],"weights":{"sprite":0.5,"monster":0.5},"rarity":"common","tags_hint":["general"]},"readmode":{"pos":"noun","themes":["general"],"elements":["light"],"related":["thorn","ray","gleam","root","veil","step","haze","rift"],"weights":{"sprite":0.5,"monster":0.5},"rarity":"uncommon","tags_hint":["general"]},"readstate":{"pos":"noun","themes":["general"],"elements":["light"],"related":["flare","glow","sigh","halo","ember","glimmer","cinder","thorn"],"weights":{"sprite":0.5,"monster":0.5},"rarity":"uncommon","tags_hint":["general"]},"reanxiety":{"pos":"noun","themes":["anxiety"],"elements":["light"],"related":["bloom","beam","wisp","ember","whirl","gleam","aperture","seed"],"weights":{"sprite":0.5,"monster":0.5},"rarity":"uncommon","tags_hint":["anxiety"]},"rebedroom":{"pos":"noun","themes":["general"],"elements":["light"],"related":["root","tremor","glimmer","halo","knot","loop","spoke"],"weights":{"sprite":0.5,"monster":0.5},"rarity":"uncommon","tags_hint":["general"]},"reburnout":{"pos":"noun","themes":["anxiety"],"elements":["fire"],"related":["ember","hum","flare","prism","surge","tremor","groove","tide"],"weights":{"sprite":0.5,"monster":0.5},"rarity":"uncommon","tags_hint":["anxiety"]},"reconfidence":{"pos":"noun","themes":["general"],"elements":["light"],"related":["seed","flare","prism","ember","aperture","veil","haze","groove","tide","cinder"],"weights":{"sprite":0.5,"monster":0.5},"rarity":"rare","tags_hint":["general"]},"recontentment":{"pos":"noun","themes":["general"],"elements":["light"],"related":["gleam","drift","ember","ripple","knot","halo","aperture","echo","gust"],"weights":{"sprite":0.5,"monster":0.5},"rarity":"epic","tags_hint":["general"]},"record":{"pos":"noun","themes":["general"],"elements":["light"],"related":["hum","tremor","ripple","rift","beam","trace","aperture"],"weights":{"sprite":0.5,"monster":0.5},"rarity":"uncommon","tags_hint":["general"]},"recordful":{"pos":"noun","themes":["general"],"elements":["light"],"related":["thorn","ray","step","haze","ripple","gleam","gust","prism","surge"],"weights":{"sprite":0.5,"monster":0.5},"rarity":"uncommon","tags_hint":["general"]},"recordless":{"pos":"noun","themes":["general"],"elements":["light"],"related":["haze","drift","whirl","surge","tide","loop","sigh","flare","cinder"],"weights":{"sprite":0.5,"monster":0.5},"rarity":"rare","tags_hint":["general"]},"recordloop":{"pos":"noun","themes":["general"],"elements":["light"],"related":["rift","groove","whirl","seed","crest","bloom","loop","tremor"],"weights":{"sprite":0.5,"monster":0.5},"rarity":"rare","tags_hint":["general"]},"recovery":{"pos":"noun","themes":["general"],"elements":["light"],"related":["glow","step","flare","groove","ray","trace","cinder","seed","hum","aperture"],"weights":{"sprite":0.5,"monster":0.5},"rarity":"uncommon","tags_hint":["general"]},"reemail":{"pos":"noun","themes":["general"],"elements":["light"],"related":["prism","thorn","gleam","crest","ray","pulse","trace","glow"],"weights":{"sprite":0.5,"monster":0.5},"rarity":"uncommon","tags_hint":["general"]},"reflect":{"pos":"noun","themes":["general"],"elements":["light"],"related":["spark","spoke","glimmer","groove","tide","veil"],"weights":{"sprite":0.5,"monster":0.5},"rarity":"uncommon","tags_hint":["general"]},"reflecting":{"pos":"verb","themes":["general"],"elements":["metal"],"related":["bloom","ember","crest","hum","glimmer","flare","haze"],"weights":{"sprite":0.6,"monster":0.4},"rarity":"rare","tags_hint":["general"]},"reflectment":{"pos":"noun","themes":["general"],"elements":["light"],"related":["thorn","halo","hum","surge","root","seed","gleam","ripple","whirl"],"weights":{"sprite":0.5,"monster":0.5},"rarity":"rare","tags_hint":["general"]},"reflectness":{"pos":"noun","themes":["general"],"elements":["light"],"related":["prism","knot","wisp","crest","spark","trace","spoke","hum","haze"],"weights":{"sprite":0.5,"monster":0.5},"rarity":"rare","tags_hint":["general"]},"reflectship":{"pos":"noun","themes":["general"],"elements":["light"],"related":["seed","spoke","aperture","hum","tremor","wisp","haze","crest","step","halo"],"weights":{"sprite":0.5,"monster":0.5},"rarity":"rare","tags_hint":["general"]},"rehabit":{"pos":"noun","themes":["habits"],"elements":["light"],"related":["echo","glimmer","groove","sigh","cinder","surge","ember"],"weights":{"sprite":0.5,"monster":0.5},"rarity":"uncommon","tags_hint":["habits"]},"rehum":{"pos":"noun","themes":["general"],"elements":["light"],"related":["ray","veil","ripple","tremor","echo","ember","spiral","knot","flare"],"weights":{"sprite":0.5,"monster":0.5},"rarity":"common","tags_hint":["general"]},"rejealousy":{"pos":"noun","themes":["general"],"elements":["light"],"related":["ripple","tremor","knot","spiral","haze","prism","step","rift","root"],"weights":{"sprite":0.5,"monster":0.5},"rarity":"rare","tags_hint":["general"]},"rejournal":{"pos":"noun","themes":["general"],"elements":["light"],"related":["haze","hum","drift","seed","gust","surge"],"weights":{"sprite":0.5,"monster":0.5},"rarity":"uncommon","tags_hint":["general"]},"relief":{"pos":"noun","themes":["general"],"elements":["light"],"related":["ripple","echo","gust","bloom","ray","trace","tremor","spoke"],"weights":{"sprite":0.6,"monster":0.4},"rarity":"common","tags_hint":["general"]},"reliefing":{"pos":"verb","themes":["general"],"elements":["light"],"related":["pulse","step","hum","spark","groove","thorn","halo"],"weights":{"sprite":0.7,"monster":0.3},"rarity":"uncommon","tags_hint":["general"]},"relog":{"pos":"noun","themes":["general"],"elements":["light"],"related":["spark","veil","root","trace","seed","glow","step"],"weights":{"sprite":0.5,"monster":0.5},"rarity":"common","tags_hint":["general"]},"remeeting":{"pos":"verb","themes":["social"],"elements":["metal"],"related":["whirl","bloom","thorn","veil","cinder","prism"],"weights":{"sprite":0.6,"monster":0.4},"rarity":"uncommon","tags_hint":["social"]},"remessage":{"pos":"noun","themes":["general"],"elements":["light"],"related":["ray","spoke","drift","glow","spiral","aperture","beam","thorn"],"weights":{"sprite":0.5,"monster":0.5},"rarity":"uncommon","tags_hint":["general"]},"remove":{"pos":"noun","themes":["general"],"elements":["light"],"related":["crest","beam","veil","drift","wisp","loop","cinder"],"weights":{"sprite":0.5,"monster":0.5},"rarity":"common","tags_hint":["general"]},"renausea":{"pos":"noun","themes":["general"],"elements":["light"],"related":["thorn","whirl","gust","beam","cinder","trace","tremor","drift"],"weights":{"sprite":0.5,"monster":0.5},"rarity":"uncommon","tags_hint":["general"]},"renotice":{"pos":"noun","themes":["general"],"elements":["light"],"related":["tremor","cinder","sigh","bloom","spoke","echo"],"weights":{"sprite":0.5,"monster":0.5},"rarity":"uncommon","tags_hint":["general"]},"repair":{"pos":"noun","themes":["general"],"elements":["air"],"related":["spoke","tremor","seed","ray","gust","flare","hum","whirl","echo"],"weights":{"sprite":0.5,"monster":0.5},"rarity":"common","tags_hint":["general"]},"repairing":{"pos":"verb","themes":["general"],"elements":["air"],"related":["tremor","ray","ember","veil","pulse","step","haze","cinder"],"weights":{"sprite":0.6,"monster":0.4},"rarity":"uncommon","tags_hint":["general"]},"repairment":{"pos":"noun","themes":["general"],"elements":["air"],"related":["glimmer","echo","draft","ember","gust","surge","tide","knot","pulse"],"weights":{"sprite":0.5,"monster":0.5},"rarity":"rare","tags_hint":["general"]},"repause":{"pos":"noun","themes":["general"],"elements":["light"],"related":["glow","hum","knot","echo","loop","drift","spiral","gust","beam"],"weights":{"sprite":0.5,"monster":0.5},"rarity":"uncommon","tags_hint":["general"]},"repeace":{"pos":"noun","themes":["general"],"elements":["light"],"related":["rift","seed","halo","gust","tremor","step","prism","spoke"],"weights":{"sprite":0.5,"monster":0.5},"rarity":"uncommon","tags_hint":["general"]},"rephone":{"pos":"noun","themes":["general"],"elements":["light"],"related":["ember","whirl","groove","ray","pulse","surge","halo"],"weights":{"sprite":0.5,"monster":0.5},"rarity":"uncommon","tags_hint":["general"]},"reprepare":{"pos":"noun","themes":["general"],"elements":["light"],"related":["tide","surge","wisp","spoke","gleam","haze","bloom"],"weights":{"sprite":0.5,"monster":0.5},"rarity":"uncommon","tags_hint":["general"]},"reritual":{"pos":"noun","themes":["general"],"elements":["light"],"related":["flare","hum","root","bloom","crest","step"],"weights":{"sprite":0.5,"monster":0.5},"rarity":"uncommon","tags_hint":["general"]},"rerun":{"pos":"noun","themes":["wellbeing"],"elements":["light"],"related":["tremor","seed","drift","wisp","thorn","cinder","spiral","pulse","glimmer"],"weights":{"sprite":0.5,"monster":0.5},"rarity":"common","tags_hint":["wellbeing"]},"reschedule":{"pos":"noun","themes":["habits"],"elements":["light"],"related":["seed","pulse","surge","groove","ray","gleam","glimmer"],"weights":{"sprite":0.5,"monster":0.5},"rarity":"rare","tags_hint":["habits"]},"resentment":{"pos":"noun","themes":["general"],"elements":["light"],"related":["glimmer","glow","seed","spiral","wisp","spoke","beam","whirl"],"weights":{"sprite":0.5,"monster":0.5},"rarity":"rare","tags_hint":["general"]},"resentmenting":{"pos":"verb","themes":["general"],"elements":["metal"],"related":["gust","thorn","aperture","tide","spark","veil","rift"],"weights":{"sprite":0.6,"monster":0.4},"rarity":"epic","tags_hint":["general"]},"resentmentphase":{"pos":"noun","themes":["general"],"elements":["light"],"related":["spoke","surge","veil","ember","gleam","crest"],"weights":{"sprite":0.5,"monster":0.5},"rarity":"epic","tags_hint":["general"]},"resolve":{"pos":"noun","themes":["general"],"elements":["metal"],"related":["ray","wisp","ripple","hum","pulse","spiral"],"weights":{"sprite":0.5,"monster":0.5},"rarity":"uncommon","tags_hint":["general"]},"resolveness":{"pos":"noun","themes":["general"],"elements":["metal"],"related":["gust","cinder","drift","veil","aperture","surge","pulse"],"weights":{"sprite":0.5,"monster":0.5},"rarity":"rare","tags_hint":["general"]},"rest":{"pos":"noun","themes":["sleep"],"elements":["light"],"related":["seed","haze","drift","pulse","whirl","prism","tremor"],"weights":{"sprite":0.5,"monster":0.5},"rarity":"common","tags_hint":["sleep"]},"restment":{"pos":"noun","themes":["sleep"],"elements":["light"],"related":["groove","spark","tide","hum","halo","drift"],"weights":{"sprite":0.5,"monster":0.5},"rarity":"uncommon","tags_hint":["sleep"]},"restrain":{"pos":"noun","themes":["sleep","wellbeing"],"elements":["light"],"related":["echo","surge","tremor","gust","flare","wisp","beam","haze"],"weights":{"sprite":0.5,"monster":0.5},"rarity":"uncommon","tags_hint":["sleep","wellbeing"]},"reststate":{"pos":"noun","themes":["sleep"],"elements":["light"],"related":["flare","glow","tide","hum","bloom","knot","haze","gleam","aperture"],"weights":{"sprite":0.5,"monster":0.5},"rarity":"uncommon","tags_hint":["sleep"]},"restudy":{"pos":"noun","themes":["sleep"],"elements":["light"],"related":["spiral","echo","gust","gleam","veil","haze","groove","halo"],"weights":{"sprite":0.5,"monster":0.5},"rarity":"uncommon","tags_hint":["sleep"]},"retask":{"pos":"noun","themes":["general"],"elements":["light"],"related":["cinder","echo","glimmer","pulse","step","rift","gust"],"weights":{"sprite":0.5,"monster":0.5},"rarity":"uncommon","tags_hint":["general"]},"reteam":{"pos":"noun","themes":["social"],"elements":["light"],"related":["root","haze","pulse","aperture","glimmer","trace","whirl","ripple"],"weights":{"sprite":0.5,"monster":0.5},"rarity":"common","tags_hint":["social"]},"retears":{"pos":"noun","themes":["general"],"elements":["water"],"related":["gust","ripple","flare","aperture","wisp","thorn","sigh","drift"],"weights":{"sprite":0.5,"monster":0.5},"rarity":"uncommon","tags_hint":["general"]},"retherapy":{"pos":"noun","themes":["general"],"elements":["light"],"related":["ray","glow","drift","spiral","ember","echo","sigh","hum","loop"],"weights":{"sprite":0.5,"monster":0.5},"rarity":"uncommon","tags_hint":["general"]},"retightness":{"pos":"noun","themes":["general"],"elements":["light"],"related":["glow","gleam","prism","step","ray","bloom","spark"],"weights":{"sprite":0.5,"monster":0.5},"rarity":"rare","tags_hint":["general"]},"retolerance":{"pos":"noun","themes":["general"],"elements":["light"],"related":["surge","cinder","groove","gust","glimmer","root"],"weights":{"sprite":0.5,"monster":0.5},"rarity":"rare","tags_hint":["general"]},"retrack":{"pos":"noun","themes":["habits"],"elements":["light"],"related":["ray","prism","flare","whirl","sigh","glimmer","aperture","drift"],"weights":{"sprite":0.5,"monster":0.5},"rarity":"uncommon","tags_hint":["habits"]},"retrend":{"pos":"noun","themes":["general"],"elements":["light"],"related":["step","halo","flare","glimmer","spoke","thorn"],"weights":{"sprite":0.5,"monster":0.5},"rarity":"uncommon","tags_hint":["general"]},"review":{"pos":"noun","themes":["general"],"elements":["light"],"related":["loop","rift","tide","pulse","veil","cinder","beam","spark"],"weights":{"sprite":0.5,"monster":0.5},"rarity":"common","tags_hint":["general"]},"reviewed":{"pos":"noun","themes":["general"],"elements":["light"],"related":["tremor","trace","ember","groove","glow","beam","rift","wisp"],"weights":{"sprite":0.5,"monster":0.5},"rarity":"uncommon","tags_hint":["general"]},"reviewloop":{"pos":"noun","themes":["general"],"elements":["light"],"related":["halo","aperture","knot","prism","glow","spoke","groove"],"weights":{"sprite":0.5,"monster":0.5},"rarity":"rare","tags_hint":["general"]},"reviewmode":{"pos":"noun","themes":["general"],"elements":["light"],"related":["glow","drift","whirl","spoke","ember","tide"],"weights":{"sprite":0.5,"monster":0.5},"rarity":"rare","tags_hint":["general"]},"reward":{"pos":"noun","themes":["general"],"elements":["light"],"related":["haze","cinder","tremor","pulse","ray","groove","gust"],"weights":{"sprite":0.5,"monster":0.5},"rarity":"uncommon","tags_hint":["general"]},"rewarding":{"pos":"verb","themes":["general"],"elements":["light"],"related":["ripple","knot","veil","root","surge","rift","spoke"],"weights":{"sprite":0.6,"monster":0.4},"rarity":"uncommon","tags_hint":["general"]},"rewardness":{"pos":"noun","themes":["general"],"elements":["light"],"related":["gust","gleam","tremor","spiral","tide","whirl"],"weights":{"sprite":0.5,"monster":0.5},"rarity":"rare","tags_hint":["general"]},"rewardstate":{"pos":"noun","themes":["general"],"elements":["light"],"related":["seed","ripple","wisp","groove","glimmer","cinder","tremor","gleam"],"weights":{"sprite":0.5,"monster":0.5},"rarity":"rare","tags_hint":["general"]},"rewarmth":{"pos":"noun","themes":["general"],"elements":["light"],"related":["seed","root","loop","flare","hum","aperture","veil"],"weights":{"sprite":0.5,"monster":0.5},"rarity":"uncommon","tags_hint":["general"]},"ritual":{"pos":"noun","themes":["general"],"elements":["light"],"related":["gust","beam","echo","knot","sigh","rift","root"],"weights":{"sprite":0.5,"monster":0.5},"rarity":"common","tags_hint":["general"]},"ritualness":{"pos":"noun","themes":["general"],"elements":["light"],"related":["step","trace","surge","gust","haze","ray"],"weights":{"sprite":0.5,"monster":0.5},"rarity":"rare","tags_hint":["general"]},"routine":{"pos":"noun","themes":["habits"],"elements":["metal"],"related":["drift","groove","spoke","loop","spiral","echo","rift","prism"],"weights":{"sprite":0.5,"monster":0.5},"rarity":"uncommon","tags_hint":["habits"]},"run":{"pos":"noun","themes":["wellbeing"],"elements":["light"],"related":["groove","knot","echo","gust","whirl","tremor","crest"],"weights":{"sprite":0.5,"monster":0.5},"rarity":"common","tags_hint":["wellbeing"]},"runcycle":{"pos":"noun","themes":["wellbeing"],"elements":["light"],"related":["glow","tremor","ember","hum","drift","veil","flare","groove"],"weights":{"sprite":0.5,"monster":0.5},"rarity":"uncommon","tags_hint":["wellbeing"]},"runful":{"pos":"noun","themes":["wellbeing"],"elements":["light"],"related":["loop","glimmer","ripple","ember","aperture","thorn","pulse"],"weights":{"sprite":0.5,"monster":0.5},"rarity":"uncommon","tags_hint":["wellbeing"]},"runphase":{"pos":"noun","themes":["wellbeing"],"elements":["light"],"related":["cinder","pulse","crest","loop","sigh","wisp","tremor"],"weights":{"sprite":0.5,"monster":0.5},"rarity":"uncommon","tags_hint":["wellbeing"]},"runstate":{"pos":"noun","themes":["wellbeing"],"elements":["light"],"related":["rift","pulse","step","trace","seed","bloom","root"],"weights":{"sprite":0.5,"monster":0.5},"rarity":"uncommon","tags_hint":["wellbeing"]}}