{"acceptance":{"pos":"noun","themes":["general"],"elements":["shadow"],"related":["knot","gleam","prism","gust","hum","flare","root","shade","rift"],"weights":{"sprite":0.5,"monster":0.5},"rarity":"rare","tags_hint":["general"]},"ache":{"pos":"noun","themes":["general"],"elements":["shadow"],"related":["pulse","loop","seed","hum","echo","spiral","mire","knot"],"weights":{"sprite":0.5,"monster":0.5},"rarity":"common","tags_hint":["general"]},"achecycle":{"pos":"noun","themes":["general"],"elements":["shadow"],"related":["tremor","gleam","step","sigh","bloom","seed","gust","drift","pulse"],"weights":{"sprite":0.5,"monster":0.5},"rarity":"uncommon","tags_hint":["general"]},"achestate":{"pos":"noun","themes":["general"],"elements":["shadow"],"related":["gleam","pulse","flare","groove","drift","crest"],"weights":{"sprite":0.5,"monster":0.5},"rarity":"uncommon","tags_hint":["general"]},"adaptation":{"pos":"noun","themes":["general"],"elements":["shadow"],"related":["spoke","flare","pulse","tremor","veil","ripple"],"weights":{"sprite":0.5,"monster":0.5},"rarity":"rare","tags_hint":["general"]},"adaptationment":{"pos":"noun","themes":["general"],"elements":["shadow"],"related":["echo","shade","ripple","pulse","hum","mire","ember"],"weights":{"sprite":0.5,"monster":0.5},"rarity":"epic","tags_hint":["general"]},"adaptationstate":{"pos":"noun","themes":["general"],"elements":["shadow"],"related":["flare","knot","spark","bloom","dusk","mire"],"weights":{"sprite":0.5,"monster":0.5},"rarity":"epic","tags_hint":["general"]},"afternoon":{"pos":"noun","themes":["general"],"elements":["shadow"],"related":["tremor","echo","haze","mire","whirl","tide","sigh","groove"],"weights":{"sprite":0.5,"monster":0.5},"rarity":"uncommon","tags_hint":["general"]},"afternoonless":{"pos":"noun","themes":["general"],"elements":["shadow"],"related":["surge","root","ripple","hum","tremor","haze","spiral","sable"],"weights":{"sprite":0.5,"monster":0.5},"rarity":"epic","tags_hint":["general"]},"afternoonship":{"pos":"noun","themes":["general"],"elements":["shadow"],"related":["echo","surge","gleam","bloom","ember","veil"],"weights":{"sprite":0.5,"monster":0.5},"rarity":"epic","tags_hint":["general"]},"anchor":{"pos":"noun","themes":["general"],"elements":["shadow"],"related":["gleam","crest","drift","gust","pulse","dusk","hum","aperture"],"weights":{"sprite":0.5,"monster":0.5},"rarity":"uncommon","tags_hint":["general"]},"anchorcycle":{"pos":"noun","themes":["general"],"elements":["shadow"],"related":["thorn","hum","dusk","flare","spark","drift","seed","glimmer","sigh"],"weights":{"sprite":0.5,"monster":0.5},"rarity":"rare","tags_hint":["general"]},"anchored":{"pos":"noun","themes":["general"],"elements":["shadow"],"related":["spoke","ray","haze","echo","drift","cinder","spark"],"weights":{"sprite":0.5,"monster":0.5},"rarity":"uncommon","tags_hint":["general"]},"anger":{"pos":"noun","themes":["general"],"elements":["fire"],"related":["spark","sigh","crest","trace","step","gleam","tide"],"weights":{"sprite":0.35,"monster":0.65},"rarity":"common","tags_hint":["general"]},"angerless":{"pos":"noun","themes":["general"],"elements":["fire"],"related":["tremor","aperture","echo","whirl","spoke","sigh"],"weights":{"sprite":0.35,"monster":0.65},"rarity":"uncommon","tags_hint":["general"]},"angerness":{"pos":"noun","themes":["general"],"elements":["fire"],"related":["tremor","aperture","ray","spoke","surge","bloom","pulse"],"weights":{"sprite":0.35,"monster":0.65},"rarity":"uncommon","tags_hint":["general"]},"angerstate":{"pos":"noun","themes":["general"],"elements":["fire"],"related":["drift","rift","veil","trace","bloom","tremor","smoke","groove"],"weights":{"sprite":0.35,"monster":0.65},"rarity":"rare","tags_hint":["general"]},"antiache":{"pos":"noun","themes":["general"],"elements":["shadow"],"related":["sable","sigh","veil","prism","cinder","rift"],"weights":{"sprite":0.5,"monster":0.5},"rarity":"uncommon","tags_hint":["general"]},"antiadaptation":{"pos":"noun","themes":["general"],"elements":["shadow"],"related":["rift","shade","ray","surge","gleam","tide"],"weights":{"sprite":0.5,"monster":0.5},"rarity":"epic","tags_hint":["general"]},"antibalance":{"pos":"noun","themes":["general"],"elements":["shadow"],"related":["loop","groove","tide","hum","trace","pulse"],"weights":{"sprite":0.5,"monster":0.5},"rarity":"rare","tags_hint":["general"]},"anticode":{"pos":"noun","themes":["general"],"elements":["shadow"],"related":["haze","tide","seed","pulse","ember","prism","sigh"],"weights":{"sprite":0.5,"monster":0.5},"rarity":"uncommon","tags_hint":["general"]},"anticramp":{"pos":"noun","themes":["general"],"elements":["shadow"],"related":["ripple","root","rift","spoke","groove","shade","sigh","spark","hum"],"weights":{"sprite":0.5,"monster":0.5},"rarity":"uncommon","tags_hint":["general"]},"anticreate":{"pos":"noun","themes":["general"],"elements":["shadow"],"related":["pulse","spiral","wisp","spoke","bloom","hum","tremor","gust","shade"],"weights":{"sprite":0.5,"monster":0.5},"rarity":"rare","tags_hint":["general"]},"antidread":{"pos":"noun","themes":["general"],"elements":["shadow"],"related":["sigh","veil","echo","hum","spiral","whirl"],"weights":{"sprite":0.35,"monster":0.65},"rarity":"uncommon","tags_hint":["general"]},"antifuzz":{"pos":"noun","themes":["general"],"elements":["shadow"],"related":["pulse","ember","hum","shade","tremor","tide","ripple","groove","veil","drift"],"weights":{"sprite":0.5,"monster":0.5},"rarity":"uncommon","tags_hint":["general"]},"antigym":{"pos":"noun","themes":["wellbeing"],"elements":["shadow"],"related":["gust","bloom","dusk","spiral","shade","whirl","mire","tremor","drift"],"weights":{"sprite":0.5,"monster":0.5},"rarity":"uncommon","tags_hint":["wellbeing"]},"antiholiday":{"pos":"noun","themes":["general"],"elements":["shadow"],"related":["thorn","prism","shade","spiral","glimmer","tide","trace"],"weights":{"sprite":0.5,"monster":0.5},"rarity":"rare","tags_hint":["general"]},"antihum":{"pos":"noun","themes":["general"],"elements":["shadow"],"related":["aperture","shade","step","wisp","gleam","root","spiral"],"weights":{"sprite":0.5,"monster":0.5},"rarity":"uncommon","tags_hint":["general"]},"antijoy":{"pos":"noun","themes":["general"],"elements":["shadow"],"related":["aperture","crest","tide","mire","ray","glimmer","groove","surge"],"weights":{"sprite":0.6,"monster":0.4},"rarity":"uncommon","tags_hint":["general"]},"antilog":{"pos":"noun","themes":["general"],"elements":["shadow"],"related":["sable","echo","ripple","gleam","shade","step","rift"],"weights":{"sprite":0.5,"monster":0.5},"rarity":"uncommon","tags_hint":["general"]},"antimigraine":{"pos":"noun","themes":["general"],"elements":["shadow"],"related":["loop","mire","flare","echo","sable","trace","spiral"],"weights":{"sprite":0.5,"monster":0.5},"rarity":"rare","tags_hint":["general"]},"antinausea":{"pos":"noun","themes":["general"],"elements":["metal"],"related":["ray","cinder","groove","wisp","trace","rift","sigh"],"weights":{"sprite":0.5,"monster":0.5},"rarity":"rare","tags_hint":["general"]},"antiprogress":{"pos":"noun","themes":["general"],"elements":["shadow"],"related":["spoke","veil","trace","ray","flare","shade","crest","mire","gleam"],"weights":{"sprite":0.5,"monster":0.5},"rarity":"rare","tags_hint":["general"]},"antirecord":{"pos":"noun","themes":["general"],"elements":["shadow"],"related":["mire","loop","pulse","tide","groove","ripple","shade","sigh","prism"],"weights":{"sprite":0.5,"monster":0.5},"rarity":"rare","tags_hint":["general"]},"antirest":{"pos":"noun","themes":["sleep"],"elements":["shadow"],"related":["thorn","spoke","rift","dusk","ray","tide","trace"],"weights":{"sprite":0.5,"monster":0.5},"rarity":"uncommon","tags_hint":["sleep"]},"antiritual":{"pos":"noun","themes":["general"],"elements":["shadow"],"related":["seed","bloom","spark","tremor","echo","haze","spiral","spoke"],"weights":{"sprite":0.5,"monster":0.5},"rarity":"rare","tags_hint":["general"]},"antirun":{"pos":"noun","themes":["wellbeing"],"elements":["shadow"],"related":["wisp","glimmer","spoke","gust","haze","spiral","tremor","thorn","spark"],"weights":{"sprite":0.5,"monster":0.5},"rarity":"uncommon","tags_hint":["wellbeing"]},"antishame":{"pos":"noun","themes":["general"],"elements":["shadow"],"related":["aperture","loop","trace","tide","spiral","knot","sable","gleam","root"],"weights":{"sprite":0.5,"monster":0.5},"rarity":"uncommon","tags_hint":["general"]},"antisurprise":{"pos":"noun","themes":["general"],"elements":["shadow"],"related":["crest","ember","surge","wisp","haze","step","mire"],"weights":{"sprite":0.5,"monster":0.5},"rarity":"rare","tags_hint":["general"]},"antisweat":{"pos":"noun","themes":["general"],"elements":["shadow"],"related":["thorn","haze","shade","root","step","bloom","tremor","rift"],"weights":{"sprite":0.5,"monster":0.5},"rarity":"uncommon","tags_hint":["general"]},"antitrend":{"pos":"noun","themes":["general"],"elements":["shadow"],"related":["surge","rift","veil","glimmer","root","haze"],"weights":{"sprite":0.5,"monster":0.5},"rarity":"uncommon","tags_hint":["general"]},"antiwrite":{"pos":"noun","themes":["general"],"elements":["shadow"],"related":["spiral","cinder","surge","thorn","prism","rift","trace"],"weights":{"sprite":0.5,"monster":0.5},"rarity":"uncommon","tags_hint":["general"]},"anxiety":{"pos":"noun","themes":["anxiety"],"elements":["shadow"],"related":["gust","drift","thorn","spark","groove","tremor","cinder"],"weights":{"sprite":0.5,"monster":0.5},"rarity":"uncommon","tags_hint":["anxiety"]},"anxietyed":{"pos":"noun","themes":["anxiety"],"elements":["shadow"],"related":["glimmer","drift","rift","cinder","sigh","flare","spoke","echo"],"weights":{"sprite":0.5,"monster":0.5},"rarity":"uncommon","tags_hint":["anxiety"]},"anxietyness":{"pos":"noun","themes":["anxiety"],"elements":["shadow"],"related":["bloom","rift","drift","seed","echo","ripple"],"weights":{"sprite":0.5,"monster":0.5},"rarity":"rare","tags_hint":["anxiety"]},"anxietystate":{"pos":"noun","themes":["anxiety"],"elements":["shadow"],"related":["hum","spark","loop","root","flare","glimmer","ember","shade","seed"],"weights":{"sprite":0.5,"monster":0.5},"rarity":"rare","tags_hint":["anxiety"]},"attention":{"pos":"noun","themes":["general"],"elements":["shadow"],"related":["flare","bloom","gleam","spark","crest","cinder"],"weights":{"sprite":0.5,"monster":0.5},"rarity":"uncommon","tags_hint":["general"]},"attentionless":{"pos":"noun","themes":["general"],"elements":["shadow"],"related":["crest","veil","seed","whirl","loop","aperture","sigh"],"weights":{"sprite":0.5,"monster":0.5},"rarity":"epic","tags_hint":["general"]},"attentionment":{"pos":"noun","themes":["general"],"elements":["shadow"],"related":["rift","veil","spoke","seed","ripple","step"],"weights":{"sprite":0.5,"monster":0.5},"rarity":"epic","tags_hint":["general"]},"attentionmode":{"pos":"noun","themes":["general"],"elements":["shadow"],"related":["mire","ripple","tremor","crest","glimmer","tide"],"weights":{"sprite":0.5,"monster":0.5},"rarity":"epic","tags_hint":["general"]},"attentionphase":{"pos":"noun","themes":["general"],"elements":["shadow"],"related":["groove","sigh","gust","root","mire","spark"],"weights":{"sprite":0.5,"monster":0.5},"rarity":"epic","tags_hint":["general"]},"autoadaptation":{"pos":"noun","themes":["general"],"elements":["shadow"],"related":["mire","loop","spark","veil","bloom","sigh"],"weights":{"sprite":0.5,"monster":0.5},"rarity":"epic","tags_hint":["general"]},"autoclarity":{"pos":"noun","themes":["general"],"elements":["light"],"related":["aperture","spiral","surge","loop","glow","bloom","flare","spark"],"weights":{"sprite":0.6,"monster":0.4},"rarity":"rare","tags_hint":["general"]},"autocode":{"pos":"noun","themes":["general"],"elements":["shadow"],"related":["shade","step","ember","rift","trace","spoke","haze"],"weights":{"sprite":0.5,"monster":0.5},"rarity":"uncommon","tags_hint":["general"]},"autocramp":{"pos":"noun","themes":["general"],"elements":["shadow"],"related":["tremor","thorn","prism","groove","cinder","surge","drift"],"weights":{"sprite":0.5,"monster":0.5},"rarity":"uncommon","tags_hint":["general"]},"autocue":{"pos":"noun","themes":["general"],"elements":["shadow"],"related":["spoke","drift","sigh","haze","trace","shade","crest"],"weights":{"sprite":0.5,"monster":0.5},"rarity":"uncommon","tags_hint":["general"]},"autoecho":{"pos":"noun","themes":["general"],"elements":["shadow"],"related":["drift","haze","sable","spoke","ripple","gleam","pulse"],"weights":{"sprite":0.5,"monster":0.5},"rarity":"uncommon","tags_hint":["general"]},"autoemail":{"pos":"noun","themes":["general"],"elements":["shadow"],"related":["dusk","drift","prism","groove","ray","veil","flare","tremor"],"weights":{"sprite":0.5,"monster":0.5},"rarity":"uncommon","tags_hint":["general"]},"autogarden":{"pos":"noun","themes":["general"],"elements":["nature"],"related":["tremor","leaf","drift","aperture","veil","prism","groove"],"weights":{"sprite":0.5,"monster":0.5},"rarity":"rare","tags_hint":["general"]},"autoguilt":{"pos":"noun","themes":["general"],"elements":["shadow"],"related":["haze","dusk","drift","wisp","root","knot","spark","aperture"],"weights":{"sprite":0.5,"monster":0.5},"rarity":"uncommon","tags_hint":["general"]},"autojealousy":{"pos":"noun","themes":["general"],"elements":["shadow"],"related":["spiral","hum","shade","thorn","step","pulse","ray","root","ember"],"weights":{"sprite":0.5,"monster":0.5},"rarity":"rare","tags_hint":["general"]},"autolisten":{"pos":"noun","themes":["general"],"elements":["shadow"],"related":["prism","echo","spiral","mire","bloom","sable"],"weights":{"sprite":0.5,"monster":0.5},"rarity":"rare","tags_hint":["general"]},"automessage":{"pos":"noun","themes":["general"],"elements":["shadow"],"related":["sigh","pulse","veil","spoke","bloom","ripple"],"weights":{"sprite":0.5,"monster":0.5},"rarity":"rare","tags_hint":["general"]},"autophone":{"pos":"noun","themes":["general"],"elements":["shadow"],"related":["prism","glimmer","seed","ray","gust","cinder","groove","drift"],"weights":{"sprite":0.5,"monster":0.5},"rarity":"uncommon","tags_hint":["general"]},"autoplateau":{"pos":"noun","themes":["general"],"elements":["shadow"],"related":["ember","haze","wisp","tremor","tide","hum","thorn","echo"],"weights":{"sprite":0.5,"monster":0.5},"rarity":"rare","tags_hint":["general"]},"autopulse":{"pos":"noun","themes":["general"],"elements":["shadow"],"related":["prism","aperture","whirl","flare","spoke","crest"],"weights":{"sprite":0.5,"monster":0.5},"rarity":"uncommon","tags_hint":["general"]},"autorage":{"pos":"noun","themes":["general"],"elements":["fire"],"related":["rift","gleam","bloom","echo","thorn","drift","ash","groove"],"weights":{"sprite":0.35,"monster":0.65},"rarity":"uncommon","tags_hint":["general"]},"autoresentment":{"pos":"noun","themes":["general"],"elements":["shadow"],"related":["cinder","tide","spoke","sigh","shade","surge","sable"],"weights":{"sprite":0.5,"monster":0.5},"rarity":"epic","tags_hint":["general"]},"autoritual":{"pos":"noun","themes":["general"],"elements":["shadow"],"related":["pulse","gust","spoke","crest","sable","step","glimmer","whirl","shade","trace"],"weights":{"sprite":0.5,"monster":0.5},"rarity":"rare","tags_hint":["general"]},"autoschedule":{"pos":"noun","themes":["habits"],"elements":["shadow"],"related":["spiral","thorn","trace","glimmer","veil","spark"],"weights":{"sprite":0.5,"monster":0.5},"rarity":"rare","tags_hint":["habits"]},"autosleep":{"pos":"noun","themes":["sleep"],"elements":["shadow"],"related":["pulse","trace","knot","drift","flare","spiral"],"weights":{"sprite":0.5,"monster":0.5},"rarity":"uncommon","tags_hint":["sleep"]},"autospeak":{"pos":"noun","themes":["general"],"elements":["shadow"],"related":["drift","ripple","spiral","veil","gust","sable","dusk","aperture"],"weights":{"sprite":0.5,"monster":0.5},"rarity":"uncommon","tags_hint":["general"]},"autostability":{"pos":"noun","themes":["general"],"elements":["shadow"],"related":["sable","step","surge","sigh","wisp","drift","spiral"],"weights":{"sprite":0.5,"monster":0.5},"rarity":"epic","tags_hint":["general"]},"autostudy":{"pos":"noun","themes":["general"],"elements":["shadow"],"related":["haze","bloom","surge","sable","cinder","trace","ember"],"weights":{"sprite":0.5,"monster":0.5},"rarity":"uncommon","tags_hint":["general"]},"autotension":{"pos":"noun","themes":["general"],"elements":["shadow"],"related":["bloom","sigh","ray","rift","gleam","echo"],"weights":{"sprite":0.5,"monster":0.5},"rarity":"rare","tags_hint":["general"]},"autotherapy":{"pos":"noun","themes":["general"],"elements":["shadow"],"related":["mire","trace","tremor","flare","root","hum","glimmer"],"weights":{"sprite":0.5,"monster":0.5},"rarity":"rare","tags_hint":["general"]},"autotrend":{"pos":"noun","themes":["general"],"elements":["shadow"],"related":["thorn","haze","spoke","ripple","crest","whirl","mire","prism"],"weights":{"sprite":0.5,"monster":0.5},"rarity":"uncommon","tags_hint":["general"]},"autowrite":{"pos":"noun","themes":["general"],"elements":["shadow"],"related":["hum","trace","drift","step","sigh","loop","wisp"],"weights":{"sprite":0.5,"monster":0.5},"rarity":"uncommon","tags_hint":["general"]},"awe":{"pos":"noun","themes":["general"],"elements":["shadow"],"related":["echo","tremor","shade","pulse","glimmer","cinder","ray","spiral"],"weights":{"sprite":0.5,"monster":0.5},"rarity":"common","tags_hint":["general"]},"awement":{"pos":"noun","themes":["general"],"elements":["shadow"],"related":["crest","groove","aperture","knot","sigh","gleam","echo","glimmer"],"weights":{"sprite":0.5,"monster":0.5},"rarity":"uncommon","tags_hint":["general"]}}