{"jealousy":{"pos":"noun","themes":["general"],"elements":["water"],"related":["glimmer","surge","current","echo","ember","tremor","spoke","sigh"],"weights":{"sprite":0.5,"monster":0.5},"rarity":"uncommon","tags_hint":["general"]},"jealousyship":{"pos":"noun","themes":["general"],"elements":["water"],"related":["whirl","drift","current","gust","knot","sigh","echo"],"weights":{"sprite":0.5,"monster":0.5},"rarity":"rare","tags_hint":["general"]},"journal":{"pos":"noun","themes":["general"],"elements":["water"],"related":["tremor","knot","groove","brine","thorn","veil","pulse","spoke","cinder","gust"],"weights":{"sprite":0.5,"monster":0.5},"rarity":"uncommon","tags_hint":["general"]},"journalcycle":{"pos":"noun","themes":["general"],"elements":["water"],"related":["surge","glimmer","spiral","brine","tide","eddy","sigh","spray","ray"],"weights":{"sprite":0.5,"monster":0.5},"rarity":"rare","tags_hint":["general"]},"journaling":{"pos":"verb","themes":["general"],"elements":["water"],"related":["ember","flare","wisp","tide","pulse","drift"],"weights":{"sprite":0.6,"monster":0.4},"rarity":"rare","tags_hint":["general"]},"journalloop":{"pos":"noun","themes":["general"],"elements":["water"],"related":["haze","flare","hum","thorn","glimmer","spoke","veil","whirl","cinder"],"weights":{"sprite":0.5,"monster":0.5},"rarity":"rare","tags_hint":["general"]},"journalness":{"pos":"noun","themes":["general"],"elements":["water"],"related":["thorn","aperture","ray","root","veil","tide","haze","whirl"],"weights":{"sprite":0.5,"monster":0.5},"rarity":"rare","tags_hint":["general"]},"journalstate":{"pos":"noun","themes":["general"],"elements":["water"],"related":["prism","surge","trace","wisp","pulse","echo","hum","aperture"],"weights":{"sprite":0.5,"monster":0.5},"rarity":"rare","tags_hint":["general"]},"joy":{"pos":"noun","themes":["general"],"elements":["water"],"related":["tremor","loop","trace","seed","gust","veil","bloom","aperture"],"weights":{"sprite":0.6,"monster":0.4},"rarity":"common","tags_hint":["general"]},"joyed":{"pos":"noun","themes":["general"],"elements":["water"],"related":["hum","bloom","ripple","tremor","brine","sigh","aperture","wisp","spark"],"weights":{"sprite":0.6,"monster":0.4},"rarity":"common","tags_hint":["general"]},"joying":{"pos":"verb","themes":["general"],"elements":["water"],"related":["sigh","surge","tide","loop","pulse","wisp","bloom","ember","ripple","eddy"],"weights":{"sprite":0.7,"monster":0.3},"rarity":"uncommon","tags_hint":["general"]},"joyment":{"pos":"noun","themes":["general"],"elements":["water"],"related":["trace","glimmer","seed","hum","aperture","current","spiral","root"],"weights":{"sprite":0.6,"monster":0.4},"rarity":"uncommon","tags_hint":["general"]},"joymode":{"pos":"noun","themes":["general"],"elements":["water"],"related":["bloom","eddy","spray","flare","gleam","cinder","step","echo"],"weights":{"sprite":0.6,"monster":0.4},"rarity":"uncommon","tags_hint":["general"]}}