{"learn":{"pos":"noun","themes":["general"],"elements":["light"],"related":["spiral","ray","pulse","thorn","veil","surge"],"weights":{"sprite":0.5,"monster":0.5},"rarity":"common","tags_hint":["general"]},"learnloop":{"pos":"noun","themes":["general"],"elements":["light"],"related":["tremor","wisp","spark","flare","surge","glimmer","sigh","hum"],"weights":{"sprite":0.5,"monster":0.5},"rarity":"uncommon","tags_hint":["general"]},"learnship":{"pos":"noun","themes":["general"],"elements":["light"],"related":["drift","ray","pulse","aperture","step","seed","spiral","haze"],"weights":{"sprite":0.5,"monster":0.5},"rarity":"uncommon","tags_hint":["general"]},"learnstate":{"pos":"noun","themes":["general"],"elements":["light"],"related":["root","step","gust","flare","bloom","seed","aperture"],"weights":{"sprite":0.5,"monster":0.5},"rarity":"rare","tags_hint":["general"]},"listen":{"pos":"noun","themes":["general"],"elements":["light"],"related":["hum","sigh","aperture","crest","ripple","groove","knot","halo"],"weights":{"sprite":0.5,"monster":0.5},"rarity":"uncommon","tags_hint":["general"]},"listencycle":{"pos":"noun","themes":["general"],"elements":["light"],"related":["seed","thorn","hum","pulse","prism","tremor"],"weights":{"sprite":0.5,"monster":0.5},"rarity":"rare","tags_hint":["general"]},"listenless":{"pos":"noun","themes":["general"],"elements":["light"],"related":["veil","spiral","prism","loop","drift","sigh","glow","tremor"],"weights":{"sprite":0.5,"monster":0.5},"rarity":"rare","tags_hint":["general"]},"listenment":{"pos":"noun","themes":["general"],"elements":["light"],"related":["thorn","root","knot","haze","drift","step","glow","sigh"],"weights":{"sprite":0.5,"monster":0.5},"rarity":"rare","tags_hint":["general"]},"listenship":{"pos":"noun","themes":["general"],"elements":["light"],"related":["tide","glow","wisp","sigh","seed","knot","ember"],"weights":{"sprite":0.5,"monster":0.5},"rarity":"rare","tags_hint":["general"]},"log":{"pos":"noun","themes":["general"],"elements":["light"],"related":["gleam","aperture","halo","glimmer","wisp","hum"],"weights":{"sprite":0.5,"monster":0.5},"rarity":"common","tags_hint":["general"]},"logcycle":{"pos":"noun","themes":["general"],"elements":["light"],"related":["knot","veil","ray","trace","wisp","prism"],"weights":{"sprite":0.5,"monster":0.5},"rarity":"uncommon","tags_hint":["general"]},"logful":{"pos":"noun","themes":["general"],"elements":["light"],"related":["spoke","ripple","surge","aperture","drift","trace","ember","rift","gust"],"weights":{"sprite":0.5,"monster":0.5},"rarity":"uncommon","tags_hint":["general"]},"logmode":{"pos":"noun","themes":["general"],"elements":["light"],"related":["spoke","ember","veil","prism","halo","thorn","aperture","glimmer"],"weights":{"sprite":0.5,"monster":0.5},"rarity":"uncommon","tags_hint":["general"]},"logstate":{"pos":"noun","themes":["general"],"elements":["light"],"related":["pulse","aperture","spiral","cinder","thorn","tremor"],"weights":{"sprite":0.5,"monster":0.5},"rarity":"uncommon","tags_hint":["general"]},"loneliness":{"pos":"noun","themes":["general"],"elements":["light"],"related":["cinder","echo","glimmer","halo","rift","spoke","gleam","whirl","sigh"],"weights":{"sprite":0.5,"monster":0.5},"rarity":"rare","tags_hint":["general"]},"lonelinessed":{"pos":"noun","themes":["general"],"elements":["light"],"related":["halo","beam","spoke","knot","drift","echo","ripple"],"weights":{"sprite":0.5,"monster":0.5},"rarity":"rare","tags_hint":["general"]},"lonelinessstate":{"pos":"noun","themes":["general"],"elements":["light"],"related":["trace","crest","echo","aperture","beam","glow","wisp"],"weights":{"sprite":0.5,"monster":0.5},"rarity":"epic","tags_hint":["general"]}}