{"office":{"pos":"noun","themes":["general"],"elements":["air"],"related":["glimmer","ripple","pulse","spark","loop","ray"],"weights":{"sprite":0.5,"monster":0.5},"rarity":"common","tags_hint":["general"]},"officecycle":{"pos":"noun","themes":["general"],"elements":["air"],"related":["gust","root","spark","ray","surge","thorn","groove"],"weights":{"sprite":0.5,"monster":0.5},"rarity":"rare","tags_hint":["general"]},"officeing":{"pos":"verb","themes":["general"],"elements":["air"],"related":["thorn","gust","knot","glimmer","sigh","flare","cinder","gleam"],"weights":{"sprite":0.6,"monster":0.4},"rarity":"uncommon","tags_hint":["general"]},"officeless":{"pos":"noun","themes":["general"],"elements":["air"],"related":["sigh","glimmer","seed","crest","spoke","spiral","prism","tremor"],"weights":{"sprite":0.5,"monster":0.5},"rarity":"rare","tags_hint":["general"]},"officement":{"pos":"noun","themes":["general"],"elements":["air"],"related":["zephyr","gust","trace","root","surge","cinder","hum","ember","knot","sigh"],"weights":{"sprite":0.5,"monster":0.5},"rarity":"rare","tags_hint":["general"]},"organize":{"pos":"noun","themes":["general"],"elements":["air"],"related":["step","ripple","aperture","spiral","echo","crest"],"weights":{"sprite":0.5,"monster":0.5},"rarity":"uncommon","tags_hint":["general"]},"organizecycle":{"pos":"noun","themes":["general"],"elements":["air"],"related":["trace","tide","flare","sigh","echo","spark","loop","ray"],"weights":{"sprite":0.5,"monster":0.5},"rarity":"epic","tags_hint":["general"]},"organizeless":{"pos":"noun","themes":["general"],"elements":["air"],"related":["zephyr","echo","gust","ray","thorn","rift"],"weights":{"sprite":0.5,"monster":0.5},"rarity":"rare","tags_hint":["general"]},"organizeness":{"pos":"noun","themes":["general"],"elements":["air"],"related":["flare","step","seed","echo","whirl","root"],"weights":{"sprite":0.5,"monster":0.5},"rarity":"rare","tags_hint":["general"]},"organizeship":{"pos":"noun","themes":["general"],"elements":["air"],"related":["cinder","spiral","bloom","aperture","hum","loop","ray"],"weights":{"sprite":0.5,"monster":0.5},"rarity":"rare","tags_hint":["general"]},"outeradaptation":{"pos":"noun","themes":["general"],"elements":["air"],"related":["spiral","draft","glimmer","sough","flare","step"],"weights":{"sprite":0.5,"monster":0.5},"rarity":"epic","tags_hint":["general"]},"outerbreak":{"pos":"noun","themes":["general"],"elements":["air"],"related":["pulse","rift","surge","seed","gust","loop","draft"],"weights":{"sprite":0.5,"monster":0.5},"rarity":"rare","tags_hint":["general"]},"outercommute":{"pos":"noun","themes":["general"],"elements":["air"],"related":["wisp","drift","groove","knot","loop","tremor","spiral"],"weights":{"sprite":0.5,"monster":0.5},"rarity":"rare","tags_hint":["general"]},"outercook":{"pos":"noun","themes":["general"],"elements":["air"],"related":["rift","step","glimmer","pulse","loop","whirl","tide","wisp"],"weights":{"sprite":0.5,"monster":0.5},"rarity":"uncommon","tags_hint":["general"]},"outercourage":{"pos":"noun","themes":["general"],"elements":["fire"],"related":["hum","pulse","groove","echo","drift","seed","thorn","ash","sigh"],"weights":{"sprite":0.35,"monster":0.65},"rarity":"rare","tags_hint":["general"]},"outercycle":{"pos":"noun","themes":["general"],"elements":["air"],"related":["trace","glimmer","seed","spark","thorn","step","cinder"],"weights":{"sprite":0.5,"monster":0.5},"rarity":"rare","tags_hint":["general"]},"outerexcitement":{"pos":"noun","themes":["general"],"elements":["air"],"related":["bloom","whirl","trace","veil","spoke","root","tide","crest"],"weights":{"sprite":0.5,"monster":0.5},"rarity":"epic","tags_hint":["general"]},"outerexposure":{"pos":"noun","themes":["general"],"elements":["air"],"related":["wisp","tide","step","echo","crest","prism","bloom","aperture","ray"],"weights":{"sprite":0.5,"monster":0.5},"rarity":"epic","tags_hint":["general"]},"outerfailure":{"pos":"noun","themes":["general"],"elements":["air"],"related":["veil","sough","cinder","hum","seed","haze","spark"],"weights":{"sprite":0.5,"monster":0.5},"rarity":"rare","tags_hint":["general"]},"outerfamily":{"pos":"noun","themes":["social"],"elements":["air"],"related":["glimmer","hum","ember","wisp","thorn","sough","sigh"],"weights":{"sprite":0.5,"monster":0.5},"rarity":"rare","tags_hint":["social"]},"outerfeedback":{"pos":"noun","themes":["general"],"elements":["air"],"related":["draft","glimmer","trace","surge","loop","crest","groove","whirl"],"weights":{"sprite":0.5,"monster":0.5},"rarity":"epic","tags_hint":["general"]},"outerfuzz":{"pos":"noun","themes":["general"],"elements":["air"],"related":["seed","groove","spoke","sigh","veil","draft","flare","loop","whirl","root"],"weights":{"sprite":0.5,"monster":0.5},"rarity":"uncommon","tags_hint":["general"]},"outergoal":{"pos":"noun","themes":["habits"],"elements":["air"],"related":["loop","gleam","prism","spiral","rift","step","tremor","knot","bloom"],"weights":{"sprite":0.5,"monster":0.5},"rarity":"uncommon","tags_hint":["habits"]},"outerhum":{"pos":"noun","themes":["general"],"elements":["air"],"related":["tremor","step","haze","loop","bloom","flare","pulse","veil"],"weights":{"sprite":0.5,"monster":0.5},"rarity":"uncommon","tags_hint":["general"]},"outerkitchen":{"pos":"noun","themes":["general"],"elements":["air"],"related":["rift","gleam","knot","sigh","ember","veil","trace","spiral","echo"],"weights":{"sprite":0.5,"monster":0.5},"rarity":"rare","tags_hint":["general"]},"outerloneliness":{"pos":"noun","themes":["general"],"elements":["air"],"related":["hum","ray","step","veil","surge","root","gust"],"weights":{"sprite":0.5,"monster":0.5},"rarity":"epic","tags_hint":["general"]},"outernausea":{"pos":"noun","themes":["general"],"elements":["air"],"related":["cinder","echo","pulse","crest","wisp","drift","gleam"],"weights":{"sprite":0.5,"monster":0.5},"rarity":"rare","tags_hint":["general"]},"outernight":{"pos":"noun","themes":["sleep"],"elements":["shadow"],"related":["pulse","crest","gleam","ripple","glimmer","step"],"weights":{"sprite":0.5,"monster":0.5},"rarity":"rare","tags_hint":["sleep"]},"outeroverwhelm":{"pos":"noun","themes":["anxiety"],"elements":["air"],"related":["flare","bloom","echo","groove","veil","surge"],"weights":{"sprite":0.5,"monster":0.5},"rarity":"epic","tags_hint":["anxiety"]},"outerpark":{"pos":"noun","themes":["general"],"elements":["air"],"related":["glimmer","crest","seed","spark","tremor","loop","wisp","draft","whirl"],"weights":{"sprite":0.5,"monster":0.5},"rarity":"uncommon","tags_hint":["general"]},"outerplan":{"pos":"noun","themes":["habits"],"elements":["metal"],"related":["whirl","haze","trace","glimmer","thorn","crest","veil","gleam","cinder"],"weights":{"sprite":0.5,"monster":0.5},"rarity":"uncommon","tags_hint":["habits"]},"outerpride":{"pos":"noun","themes":["general"],"elements":["air"],"related":["knot","spiral","spoke","ripple","drift","trace","prism","gust","zephyr"],"weights":{"sprite":0.5,"monster":0.5},"rarity":"rare","tags_hint":["general"]},"outerrecovery":{"pos":"noun","themes":["general"],"elements":["air"],"related":["whirl","bloom","drift","ember","sigh","veil","surge","prism"],"weights":{"sprite":0.5,"monster":0.5},"rarity":"epic","tags_hint":["general"]},"outerresentment":{"pos":"noun","themes":["general"],"elements":["air"],"related":["step","spoke","gust","ember","thorn","hum","surge","aperture"],"weights":{"sprite":0.5,"monster":0.5},"rarity":"epic","tags_hint":["general"]},"outerresolve":{"pos":"noun","themes":["general"],"elements":["metal"],"related":["step","haze","ray","knot","tide","veil"],"weights":{"sprite":0.5,"monster":0.5},"rarity":"rare","tags_hint":["general"]},"outerreward":{"pos":"noun","themes":["general"],"elements":["air"],"related":["thorn","loop","wisp","sough","trace","zephyr","aperture"],"weights":{"sprite":0.5,"monster":0.5},"rarity":"rare","tags_hint":["general"]},"outersignal":{"pos":"noun","themes":["general"],"elements":["air"],"related":["surge","spark","drift","groove","zephyr","gust","sigh"],"weights":{"sprite":0.5,"monster":0.5},"rarity":"rare","tags_hint":["general"]},"outerstudio":{"pos":"noun","themes":["general"],"elements":["air"],"related":["veil","sough","hum","step","pulse","rift","thorn"],"weights":{"sprite":0.5,"monster":0.5},"rarity":"rare","tags_hint":["general"]},"outertrack":{"pos":"noun","themes":["habits"],"elements":["air"],"related":["zephyr","seed","gust","cinder","trace","sough","spoke","drift","veil"],"weights":{"sprite":0.5,"monster":0.5},"rarity":"rare","tags_hint":["habits"]},"outertrigger":{"pos":"noun","themes":["general"],"elements":["air"],"related":["seed","spiral","drift","sigh","pulse","spark","spoke"],"weights":{"sprite":0.5,"monster":0.5},"rarity":"rare","tags_hint":["general"]},"outerwake":{"pos":"noun","themes":["sleep"],"elements":["air"],"related":["sigh","whirl","cinder","gleam","thorn","zephyr","wisp","pulse"],"weights":{"sprite":0.5,"monster":0.5},"rarity":"uncommon","tags_hint":["sleep"]},"overadaptation":{"pos":"noun","themes":["general"],"elements":["air"],"related":["sough","prism","seed","trace","flare","zephyr","rift"],"weights":{"sprite":0.5,"monster":0.5},"rarity":"epic","tags_hint":["general"]},"overanxiety":{"pos":"noun","themes":["anxiety"],"elements":["air"],"related":["ray","root","thorn","hum","crest","zephyr","wisp","spark","haze"],"weights":{"sprite":0.5,"monster":0.5},"rarity":"rare","tags_hint":["anxiety"]},"overawe":{"pos":"noun","themes":["general"],"elements":["air"],"related":["veil","haze","sigh","hum","zephyr","glimmer","loop","surge"],"weights":{"sprite":0.5,"monster":0.5},"rarity":"uncommon","tags_hint":["general"]},"overbedroom":{"pos":"noun","themes":["general"],"elements":["air"],"related":["gleam","rift","aperture","tide","pulse","draft","step","wisp"],"weights":{"sprite":0.5,"monster":0.5},"rarity":"rare","tags_hint":["general"]},"overboundary":{"pos":"noun","themes":["general"],"elements":["air"],"related":["bloom","trace","haze","zephyr","groove","gleam","whirl","root","knot","flare"],"weights":{"sprite":0.5,"monster":0.5},"rarity":"rare","tags_hint":["general"]},"overcook":{"pos":"noun","themes":["general"],"elements":["air"],"related":["hum","ripple","sigh","draft","flare","thorn","drift"],"weights":{"sprite":0.5,"monster":0.5},"rarity":"uncommon","tags_hint":["general"]},"overdread":{"pos":"noun","themes":["general"],"elements":["air"],"related":["spoke","step","knot","pulse","ember","gust","sough","groove","surge"],"weights":{"sprite":0.35,"monster":0.65},"rarity":"uncommon","tags_hint":["general"]},"overfatigue":{"pos":"noun","themes":["sleep"],"elements":["air"],"related":["ray","sigh","aperture","spoke","tremor","pulse","step"],"weights":{"sprite":0.5,"monster":0.5},"rarity":"rare","tags_hint":["sleep"]},"overfear":{"pos":"noun","themes":["anxiety"],"elements":["shadow"],"related":["gleam","seed","wisp","dusk","tide","drift","hum"],"weights":{"sprite":0.35,"monster":0.65},"rarity":"uncommon","tags_hint":["anxiety"]},"overfrustration":{"pos":"noun","themes":["general"],"elements":["air"],"related":["gust","wisp","flare","drift","cinder","zephyr","veil"],"weights":{"sprite":0.5,"monster":0.5},"rarity":"epic","tags_hint":["general"]},"overgrief":{"pos":"noun","themes":["general"],"elements":["air"],"related":["glimmer","surge","veil","thorn","cinder","ember","gust","bloom"],"weights":{"sprite":0.5,"monster":0.5},"rarity":"uncommon","tags_hint":["general"]},"overguilt":{"pos":"noun","themes":["general"],"elements":["air"],"related":["gleam","wisp","drift","hum","root","bloom"],"weights":{"sprite":0.5,"monster":0.5},"rarity":"uncommon","tags_hint":["general"]},"overholiday":{"pos":"noun","themes":["general"],"elements":["air"],"related":["spark","thorn","crest","haze","step","knot","hum","sigh"],"weights":{"sprite":0.5,"monster":0.5},"rarity":"rare","tags_hint":["general"]},"overhum":{"pos":"noun","themes":["general"],"elements":["air"],"related":["flare","cinder","tide","veil","haze","ember","wisp"],"weights":{"sprite":0.5,"monster":0.5},"rarity":"uncommon","tags_hint":["general"]},"overjournal":{"pos":"noun","themes":["general"],"elements":["air"],"related":["drift","crest","whirl","glimmer","zephyr","draft","gleam"],"weights":{"sprite":0.5,"monster":0.5},"rarity":"rare","tags_hint":["general"]},"overjoy":{"pos":"noun","themes":["general"],"elements":["air"],"related":["sigh","thorn","veil","crest","spoke","prism","aperture"],"weights":{"sprite":0.6,"monster":0.4},"rarity":"uncommon","tags_hint":["general"]},"overkitchen":{"pos":"noun","themes":["general"],"elements":["air"],"related":["veil","prism","pulse","zephyr","loop","seed","bloom"],"weights":{"sprite":0.5,"monster":0.5},"rarity":"rare","tags_hint":["general"]},"overlearn":{"pos":"noun","themes":["general"],"elements":["air"],"related":["draft","ember","cinder","surge","sigh","tremor"],"weights":{"sprite":0.5,"monster":0.5},"rarity":"uncommon","tags_hint":["general"]},"overmelancholy":{"pos":"noun","themes":["general"],"elements":["air"],"related":["rift","spark","thorn","ray","groove","gleam","loop","bloom"],"weights":{"sprite":0.5,"monster":0.5},"rarity":"epic","tags_hint":["general"]},"overnotice":{"pos":"noun","themes":["general"],"elements":["air"],"related":["draft","haze","crest","ember","rift","prism","echo"],"weights":{"sprite":0.5,"monster":0.5},"rarity":"rare","tags_hint":["general"]},"overorganize":{"pos":"noun","themes":["general"],"elements":["air"],"related":["rift","thorn","glimmer","surge","trace","sough","tide"],"weights":{"sprite":0.5,"monster":0.5},"rarity":"rare","tags_hint":["general"]},"overoverwhelm":{"pos":"noun","themes":["anxiety"],"elements":["air"],"related":["trace","thorn","surge","gust","ray","zephyr","sough"],"weights":{"sprite":0.5,"monster":0.5},"rarity":"epic","tags_hint":["anxiety"]},"overpeace":{"pos":"noun","themes":["general"],"elements":["air"],"related":["spoke","haze","pulse","spiral","echo","prism","flare","wisp","knot"],"weights":{"sprite":0.5,"monster":0.5},"rarity":"uncommon","tags_hint":["general"]},"overplan":{"pos":"noun","themes":["habits"],"elements":["metal"],"related":["aperture","groove","tremor","thorn","bloom","prism","ray"],"weights":{"sprite":0.5,"monster":0.5},"rarity":"uncommon","tags_hint":["habits"]},"overplateau":{"pos":"noun","themes":["general"],"elements":["air"],"related":["sough","gleam","zephyr","whirl","surge","cinder"],"weights":{"sprite":0.5,"monster":0.5},"rarity":"rare","tags_hint":["general"]},"overpride":{"pos":"noun","themes":["general"],"elements":["air"],"related":["rift","spoke","step","thorn","pulse","sough","zephyr","loop","hum"],"weights":{"sprite":0.5,"monster":0.5},"rarity":"uncommon","tags_hint":["general"]},"overritual":{"pos":"noun","themes":["general"],"elements":["air"],"related":["surge","ember","haze","wisp","ripple","tide","bloom","sigh"],"weights":{"sprite":0.5,"monster":0.5},"rarity":"rare","tags_hint":["general"]},"oversetback":{"pos":"noun","themes":["general"],"elements":["air"],"related":["step","trace","drift","surge","haze","echo","ember"],"weights":{"sprite":0.5,"monster":0.5},"rarity":"rare","tags_hint":["general"]},"overshare":{"pos":"noun","themes":["general"],"elements":["air"],"related":["cinder","echo","gust","draft","tide","whirl","flare","trace"],"weights":{"sprite":0.5,"monster":0.5},"rarity":"uncommon","tags_hint":["general"]},"overstrain":{"pos":"noun","themes":["wellbeing"],"elements":["air"],"related":["hum","draft","pulse","sough","bloom","spiral"],"weights":{"sprite":0.5,"monster":0.5},"rarity":"rare","tags_hint":["wellbeing"]},"overstudy":{"pos":"noun","themes":["general"],"elements":["air"],"related":["gleam","rift","tide","sough","drift","whirl","knot"],"weights":{"sprite":0.5,"monster":0.5},"rarity":"uncommon","tags_hint":["general"]},"overwarmth":{"pos":"noun","themes":["general"],"elements":["air"],"related":["aperture","spark","hum","echo","bloom","step"],"weights":{"sprite":0.5,"monster":0.5},"rarity":"rare","tags_hint":["general"]},"overwhelm":{"pos":"noun","themes":["anxiety"],"elements":["air"],"related":["echo","loop","prism","spiral","seed","ripple","cinder"],"weights":{"sprite":0.5,"monster":0.5},"rarity":"uncommon","tags_hint":["anxiety"]},"overwhelmless":{"pos":"noun","themes":["anxiety"],"elements":["air"],"related":["crest","pulse","echo","prism","groove","root","glimmer","ray"],"weights":{"sprite":0.5,"monster":0.5},"rarity":"epic","tags_hint":["anxiety"]}}