{"sadness":{"pos":"noun","themes":["general"],"elements":["shadow"],"related":["whirl","veil","gust","ray","spark","trace","ripple"],"weights":{"sprite":0.5,"monster":0.5},"rarity":"uncommon","tags_hint":["general"]},"sadnessed":{"pos":"noun","themes":["general"],"elements":["shadow"],"related":["seed","haze","knot","spoke","spiral","root","rift","prism","tremor","glimmer"],"weights":{"sprite":0.5,"monster":0.5},"rarity":"uncommon","tags_hint":["general"]},"sadnessness":{"pos":"noun","themes":["general"],"elements":["shadow"],"related":["veil","seed","knot","rift","gust","root","thorn"],"weights":{"sprite":0.5,"monster":0.5},"rarity":"rare","tags_hint":["general"]},"schedule":{"pos":"noun","themes":["habits"],"elements":["shadow"],"related":["loop","tide","gleam","ripple","prism","whirl","ray","gust"],"weights":{"sprite":0.5,"monster":0.5},"rarity":"uncommon","tags_hint":["habits"]},"school":{"pos":"noun","themes":["general"],"elements":["shadow"],"related":["spark","prism","mire","tremor","ray","shade","sigh","root","drift"],"weights":{"sprite":0.5,"monster":0.5},"rarity":"uncommon","tags_hint":["general"]},"schoolful":{"pos":"noun","themes":["general"],"elements":["shadow"],"related":["knot","shade","tide","veil","gleam","ray"],"weights":{"sprite":0.5,"monster":0.5},"rarity":"uncommon","tags_hint":["general"]},"schoolless":{"pos":"noun","themes":["general"],"elements":["shadow"],"related":["aperture","dusk","gust","root","crest","flare"],"weights":{"sprite":0.5,"monster":0.5},"rarity":"rare","tags_hint":["general"]},"schoolmode":{"pos":"noun","themes":["general"],"elements":["shadow"],"related":["crest","wisp","aperture","echo","haze","gust","sigh","drift","hum"],"weights":{"sprite":0.5,"monster":0.5},"rarity":"rare","tags_hint":["general"]},"selfadaptation":{"pos":"noun","themes":["general"],"elements":["shadow"],"related":["crest","surge","seed","spiral","trace","veil","knot"],"weights":{"sprite":0.5,"monster":0.5},"rarity":"epic","tags_hint":["general"]},"selfattention":{"pos":"noun","themes":["general"],"elements":["shadow"],"related":["shade","dusk","seed","haze","whirl","gleam","spark","surge"],"weights":{"sprite":0.5,"monster":0.5},"rarity":"epic","tags_hint":["general"]},"selfboundary":{"pos":"noun","themes":["general"],"elements":["shadow"],"related":["seed","sigh","ripple","prism","sable","thorn"],"weights":{"sprite":0.5,"monster":0.5},"rarity":"rare","tags_hint":["general"]},"selfcalm":{"pos":"noun","themes":["general"],"elements":["shadow"],"related":["veil","spark","ember","spiral","thorn","glimmer","rift"],"weights":{"sprite":0.6,"monster":0.4},"rarity":"uncommon","tags_hint":["general"]},"selfchill":{"pos":"noun","themes":["general"],"elements":["shadow"],"related":["step","tide","echo","seed","rift","root","knot","aperture","hum"],"weights":{"sprite":0.5,"monster":0.5},"rarity":"rare","tags_hint":["general"]},"selfcook":{"pos":"noun","themes":["general"],"elements":["shadow"],"related":["thorn","shade","spark","loop","crest","seed","gust","ray"],"weights":{"sprite":0.5,"monster":0.5},"rarity":"uncommon","tags_hint":["general"]},"selfcue":{"pos":"noun","themes":["general"],"elements":["shadow"],"related":["groove","gleam","surge","aperture","crest","seed","spark","mire","ember"],"weights":{"sprite":0.5,"monster":0.5},"rarity":"uncommon","tags_hint":["general"]},"selfdeadline":{"pos":"noun","themes":["general"],"elements":["shadow"],"related":["veil","surge","spoke","ember","tremor","knot","gleam","step"],"weights":{"sprite":0.5,"monster":0.5},"rarity":"rare","tags_hint":["general"]},"selfdread":{"pos":"noun","themes":["general"],"elements":["shadow"],"related":["spark","haze","spoke","thorn","seed","knot"],"weights":{"sprite":0.35,"monster":0.65},"rarity":"uncommon","tags_hint":["general"]},"selffeedback":{"pos":"noun","themes":["general"],"elements":["shadow"],"related":["cinder","flare","rift","spoke","step","crest","knot","sigh"],"weights":{"sprite":0.5,"monster":0.5},"rarity":"rare","tags_hint":["general"]},"selfgrief":{"pos":"noun","themes":["general"],"elements":["shadow"],"related":["tide","flare","spiral","prism","sigh","tremor","aperture","mire","root"],"weights":{"sprite":0.5,"monster":0.5},"rarity":"uncommon","tags_hint":["general"]},"selfgym":{"pos":"noun","themes":["wellbeing"],"elements":["shadow"],"related":["glimmer","mire","sigh","loop","groove","spoke","ripple","hum"],"weights":{"sprite":0.5,"monster":0.5},"rarity":"uncommon","tags_hint":["wellbeing"]},"selfhabit":{"pos":"noun","themes":["habits"],"elements":["shadow"],"related":["step","shade","glimmer","drift","thorn","sable","loop","seed","tide"],"weights":{"sprite":0.5,"monster":0.5},"rarity":"uncommon","tags_hint":["habits"]},"selfheartbeat":{"pos":"noun","themes":["general"],"elements":["shadow"],"related":["haze","flare","whirl","trace","thorn","tide","dusk","groove","pulse","hum"],"weights":{"sprite":0.5,"monster":0.5},"rarity":"epic","tags_hint":["general"]},"selfholiday":{"pos":"noun","themes":["general"],"elements":["shadow"],"related":["knot","dusk","cinder","tremor","aperture","groove","mire","step"],"weights":{"sprite":0.5,"monster":0.5},"rarity":"rare","tags_hint":["general"]},"selfjoy":{"pos":"noun","themes":["general"],"elements":["shadow"],"related":["whirl","spark","mire","seed","veil","spiral","echo","rift"],"weights":{"sprite":0.6,"monster":0.4},"rarity":"uncommon","tags_hint":["general"]},"selfkitchen":{"pos":"noun","themes":["general"],"elements":["shadow"],"related":["groove","glimmer","seed","gleam","mire","cinder","trace","shade","spiral"],"weights":{"sprite":0.5,"monster":0.5},"rarity":"rare","tags_hint":["general"]},"selfnotice":{"pos":"noun","themes":["general"],"elements":["shadow"],"related":["sable","gust","flare","thorn","bloom","pulse","knot","dusk"],"weights":{"sprite":0.5,"monster":0.5},"rarity":"rare","tags_hint":["general"]},"selfoffice":{"pos":"noun","themes":["general"],"elements":["shadow"],"related":["dusk","sable","veil","seed","flare","gust"],"weights":{"sprite":0.5,"monster":0.5},"rarity":"rare","tags_hint":["general"]},"selfpattern":{"pos":"noun","themes":["general"],"elements":["shadow"],"related":["knot","sable","root","tremor","step","trace"],"weights":{"sprite":0.5,"monster":0.5},"rarity":"rare","tags_hint":["general"]},"selfplateau":{"pos":"noun","themes":["general"],"elements":["shadow"],"related":["loop","ray","sable","crest","bloom","flare"],"weights":{"sprite":0.5,"monster":0.5},"rarity":"rare","tags_hint":["general"]},"selfrage":{"pos":"noun","themes":["general"],"elements":["fire"],"related":["ripple","tremor","trace","spark","tide","flare","smoke"],"weights":{"sprite":0.35,"monster":0.65},"rarity":"uncommon","tags_hint":["general"]},"selfserenity":{"pos":"noun","themes":["general"],"elements":["shadow"],"related":["spoke","gleam","sable","ray","thorn","prism","sigh","bloom"],"weights":{"sprite":0.6,"monster":0.4},"rarity":"rare","tags_hint":["general"]},"selfsetback":{"pos":"noun","themes":["general"],"elements":["shadow"],"related":["thorn","glimmer","crest","pulse","echo","tremor"],"weights":{"sprite":0.5,"monster":0.5},"rarity":"rare","tags_hint":["general"]},"selftask":{"pos":"noun","themes":["general"],"elements":["shadow"],"related":["sigh","dusk","knot","haze","tide","flare","cinder"],"weights":{"sprite":0.5,"monster":0.5},"rarity":"uncommon","tags_hint":["general"]},"selftrain":{"pos":"noun","themes":["wellbeing"],"elements":["shadow"],"related":["thorn","trace","whirl","gust","root","gleam","seed"],"weights":{"sprite":0.5,"monster":0.5},"rarity":"uncommon","tags_hint":["wellbeing"]},"selfwake":{"pos":"noun","themes":["sleep"],"elements":["shadow"],"related":["groove","dusk","mire","ray","echo","sable","trace","hum"],"weights":{"sprite":0.5,"monster":0.5},"rarity":"uncommon","tags_hint":["sleep"]},"serenity":{"pos":"noun","themes":["general"],"elements":["shadow"],"related":["echo","root","aperture","seed","trace","glimmer","haze"],"weights":{"sprite":0.6,"monster":0.4},"rarity":"uncommon","tags_hint":["general"]},"serenityful":{"pos":"noun","themes":["general"],"elements":["shadow"],"related":["surge","shade","crest","gust","gleam","ripple","flare","rift"],"weights":{"sprite":0.6,"monster":0.4},"rarity":"rare","tags_hint":["general"]},"serenitymode":{"pos":"noun","themes":["general"],"elements":["shadow"],"related":["prism","root","cinder","gleam","ember","groove","sigh","pulse","drift"],"weights":{"sprite":0.6,"monster":0.4},"rarity":"rare","tags_hint":["general"]},"serenitystate":{"pos":"noun","themes":["general"],"elements":["shadow"],"related":["veil","thorn","wisp","tide","haze","root","seed"],"weights":{"sprite":0.6,"monster":0.4},"rarity":"epic","tags_hint":["general"]},"setback":{"pos":"noun","themes":["general"],"elements":["shadow"],"related":["ember","root","whirl","ripple","drift","thorn","hum","gust"],"weights":{"sprite":0.5,"monster":0.5},"rarity":"uncommon","tags_hint":["general"]},"setbackless":{"pos":"noun","themes":["general"],"elements":["shadow"],"related":["shade","veil","loop","mire","tide","surge"],"weights":{"sprite":0.5,"monster":0.5},"rarity":"rare","tags_hint":["general"]},"setbackness":{"pos":"noun","themes":["general"],"elements":["shadow"],"related":["shade","groove","pulse","tide","spiral","rift","hum","mire","seed"],"weights":{"sprite":0.5,"monster":0.5},"rarity":"rare","tags_hint":["general"]},"shame":{"pos":"noun","themes":["general"],"elements":["shadow"],"related":["haze","ray","sigh","wisp","step","pulse","ember"],"weights":{"sprite":0.5,"monster":0.5},"rarity":"common","tags_hint":["general"]},"shameing":{"pos":"verb","themes":["general"],"elements":["shadow"],"related":["trace","ripple","flare","bloom","cinder","root"],"weights":{"sprite":0.6,"monster":0.4},"rarity":"uncommon","tags_hint":["general"]},"shameloop":{"pos":"noun","themes":["general"],"elements":["shadow"],"related":["ray","ripple","loop","gleam","tremor","haze","wisp"],"weights":{"sprite":0.5,"monster":0.5},"rarity":"uncommon","tags_hint":["general"]},"shameship":{"pos":"noun","themes":["general"],"elements":["shadow"],"related":["spoke","ray","echo","sigh","groove","thorn"],"weights":{"sprite":0.5,"monster":0.5},"rarity":"uncommon","tags_hint":["general"]},"shamestate":{"pos":"noun","themes":["general"],"elements":["shadow"],"related":["trace","glimmer","spark","root","cinder","spoke","gleam"],"weights":{"sprite":0.5,"monster":0.5},"rarity":"rare","tags_hint":["general"]},"share":{"pos":"noun","themes":["general"],"elements":["shadow"],"related":["wisp","gust","rift","aperture","dusk","spiral","spark","haze"],"weights":{"sprite":0.5,"monster":0.5},"rarity":"common","tags_hint":["general"]},"sharecycle":{"pos":"noun","themes":["general"],"elements":["shadow"],"related":["root","echo","wisp","spiral","groove","gleam","knot","glimmer"],"weights":{"sprite":0.5,"monster":0.5},"rarity":"rare","tags_hint":["general"]},"shareful":{"pos":"noun","themes":["general"],"elements":["shadow"],"related":["thorn","flare","spark","spiral","dusk","spoke","ray"],"weights":{"sprite":0.5,"monster":0.5},"rarity":"uncommon","tags_hint":["general"]},"shiver":{"pos":"noun","themes":["general"],"elements":["shadow"],"related":["ripple","surge","tide","glimmer","pulse","loop"],"weights":{"sprite":0.5,"monster":0.5},"rarity":"uncommon","tags_hint":["general"]},"shiverful":{"pos":"noun","themes":["general"],"elements":["shadow"],"related":["thorn","hum","root","pulse","ember","aperture","surge","crest"],"weights":{"sprite":0.5,"monster":0.5},"rarity":"uncommon","tags_hint":["general"]},"sigh":{"pos":"noun","themes":["general"],"elements":["air"],"related":["gust","sough","loop","spoke","aperture","crest","thorn"],"weights":{"sprite":0.5,"monster":0.5},"rarity":"common","tags_hint":["general"]},"sighless":{"pos":"noun","themes":["general"],"elements":["air"],"related":["groove","gleam","echo","ember","drift","trace","thorn"],"weights":{"sprite":0.5,"monster":0.5},"rarity":"uncommon","tags_hint":["general"]},"sighship":{"pos":"noun","themes":["general"],"elements":["air"],"related":["rift","sigh","thorn","groove","step","draft","whirl","glimmer","tremor","ember"],"weights":{"sprite":0.5,"monster":0.5},"rarity":"uncommon","tags_hint":["general"]},"sighstate":{"pos":"noun","themes":["general"],"elements":["air"],"related":["groove","ripple","bloom","spiral","ray","gleam","prism","flare","sough"],"weights":{"sprite":0.5,"monster":0.5},"rarity":"uncommon","tags_hint":["general"]},"signal":{"pos":"noun","themes":["general"],"elements":["shadow"],"related":["dusk","step","thorn","prism","wisp","spoke","bloom"],"weights":{"sprite":0.5,"monster":0.5},"rarity":"uncommon","tags_hint":["general"]},"signalcycle":{"pos":"noun","themes":["general"],"elements":["shadow"],"related":["rift","mire","ripple","ray","sable","step","knot"],"weights":{"sprite":0.5,"monster":0.5},"rarity":"rare","tags_hint":["general"]},"signaled":{"pos":"noun","themes":["general"],"elements":["shadow"],"related":["loop","knot","wisp","glimmer","seed","dusk"],"weights":{"sprite":0.5,"monster":0.5},"rarity":"uncommon","tags_hint":["general"]},"signaling":{"pos":"verb","themes":["general"],"elements":["shadow"],"related":["root","tide","seed","gleam","step","pulse","prism","tremor"],"weights":{"sprite":0.6,"monster":0.4},"rarity":"uncommon","tags_hint":["general"]},"signalmode":{"pos":"noun","themes":["general"],"elements":["shadow"],"related":["glimmer","step","crest","aperture","surge","trace"],"weights":{"sprite":0.5,"monster":0.5},"rarity":"rare","tags_hint":["general"]},"simplify":{"pos":"noun","themes":["general"],"elements":["shadow"],"related":["gust","pulse","glimmer","step","tide","sable","gleam"],"weights":{"sprite":0.5,"monster":0.5},"rarity":"uncommon","tags_hint":["general"]},"simplifycycle":{"pos":"noun","themes":["general"],"elements":["shadow"],"related":["ripple","haze","echo","pulse","rift","knot","tremor","trace","wisp"],"weights":{"sprite":0.5,"monster":0.5},"rarity":"epic","tags_hint":["general"]},"simplifyful":{"pos":"noun","themes":["general"],"elements":["shadow"],"related":["gust","thorn","tide","mire","cinder","root","ripple","spiral"],"weights":{"sprite":0.5,"monster":0.5},"rarity":"rare","tags_hint":["general"]},"simplifyment":{"pos":"noun","themes":["general"],"elements":["shadow"],"related":["ember","sigh","spark","gleam","spiral","groove","mire","shade","ripple"],"weights":{"sprite":0.5,"monster":0.5},"rarity":"rare","tags_hint":["general"]},"sleep":{"pos":"noun","themes":["sleep"],"elements":["shadow"],"related":["knot","cinder","surge","dusk","seed","aperture","crest"],"weights":{"sprite":0.5,"monster":0.5},"rarity":"common","tags_hint":["sleep"]},"sleepphase":{"pos":"noun","themes":["sleep"],"elements":["shadow"],"related":["pulse","tide","trace","drift","glimmer","knot","haze"],"weights":{"sprite":0.5,"monster":0.5},"rarity":"rare","tags_hint":["sleep"]},"sleepship":{"pos":"noun","themes":["sleep"],"elements":["shadow"],"related":["tide","trace","dusk","aperture","rift","whirl","spoke"],"weights":{"sprite":0.5,"monster":0.5},"rarity":"uncommon","tags_hint":["sleep"]},"sleepstate":{"pos":"noun","themes":["sleep"],"elements":["shadow"],"related":["spiral","root","step","haze","seed","loop","tremor"],"weights":{"sprite":0.5,"monster":0.5},"rarity":"rare","tags_hint":["sleep"]},"slump":{"pos":"noun","themes":["general"],"elements":["shadow"],"related":["shade","cinder","root","spark","seed","dusk","whirl","pulse"],"weights":{"sprite":0.5,"monster":0.5},"rarity":"uncommon","tags_hint":["general"]},"slumploop":{"pos":"noun","themes":["general"],"elements":["shadow"],"related":["knot","drift","root","groove","sigh","veil","tide","echo"],"weights":{"sprite":0.5,"monster":0.5},"rarity":"uncommon","tags_hint":["general"]},"speak":{"pos":"noun","themes":["general"],"elements":["shadow"],"related":["ember","knot","drift","echo","thorn","surge","gleam","glimmer","spiral","spoke"],"weights":{"sprite":0.5,"monster":0.5},"rarity":"common","tags_hint":["general"]},"speakful":{"pos":"noun","themes":["general"],"elements":["shadow"],"related":["surge","gleam","flare","dusk","tremor","crest","veil"],"weights":{"sprite":0.5,"monster":0.5},"rarity":"uncommon","tags_hint":["general"]},"speakless":{"pos":"noun","themes":["general"],"elements":["shadow"],"related":["aperture","echo","spoke","shade","pulse","step","drift"],"weights":{"sprite":0.5,"monster":0.5},"rarity":"uncommon","tags_hint":["general"]},"spin":{"pos":"noun","themes":["general"],"elements":["shadow"],"related":["shade","gleam","sigh","veil","bloom","drift"],"weights":{"sprite":0.5,"monster":0.5},"rarity":"common","tags_hint":["general"]},"spinphase":{"pos":"noun","themes":["general"],"elements":["shadow"],"related":["bloom","ripple","thorn","hum","surge","mire","spiral"],"weights":{"sprite":0.5,"monster":0.5},"rarity":"uncommon","tags_hint":["general"]},"stability":{"pos":"noun","themes":["general"],"elements":["shadow"],"related":["knot","haze","tremor","trace","bloom","thorn","mire","rift","cinder"],"weights":{"sprite":0.5,"monster":0.5},"rarity":"uncommon","tags_hint":["general"]},"stabilitycycle":{"pos":"noun","themes":["general"],"elements":["shadow"],"related":["tremor","thorn","pulse","flare","spoke","sable","groove","ray"],"weights":{"sprite":0.5,"monster":0.5},"rarity":"epic","tags_hint":["general"]},"stiffness":{"pos":"noun","themes":["general"],"elements":["shadow"],"related":["spark","shade","root","cinder","trace","groove","crest","veil"],"weights":{"sprite":0.5,"monster":0.5},"rarity":"rare","tags_hint":["general"]},"stiffnessless":{"pos":"noun","themes":["general"],"elements":["shadow"],"related":["bloom","wisp","spiral","ripple","loop","tide","groove"],"weights":{"sprite":0.5,"monster":0.5},"rarity":"epic","tags_hint":["general"]},"stiffnessment":{"pos":"noun","themes":["general"],"elements":["shadow"],"related":["wisp","rift","drift","ember","bloom","whirl","aperture","hum","tremor"],"weights":{"sprite":0.5,"monster":0.5},"rarity":"epic","tags_hint":["general"]},"stiffnessphase":{"pos":"noun","themes":["general"],"elements":["shadow"],"related":["groove","gleam","root","step","sigh","wisp"],"weights":{"sprite":0.5,"monster":0.5},"rarity":"epic","tags_hint":["general"]},"strain":{"pos":"noun","themes":["wellbeing"],"elements":["shadow"],"related":["wisp","dusk","aperture","sable","spoke","loop"],"weights":{"sprite":0.5,"monster":0.5},"rarity":"uncommon","tags_hint":["wellbeing"]},"strainment":{"pos":"noun","themes":["wellbeing"],"elements":["shadow"],"related":["ripple","spiral","gust","aperture","tremor","crest"],"weights":{"sprite":0.5,"monster":0.5},"rarity":"rare","tags_hint":["wellbeing"]},"strainness":{"pos":"noun","themes":["wellbeing"],"elements":["shadow"],"related":["spoke","prism","trace","knot","drift","groove","whirl","glimmer"],"weights":{"sprite":0.5,"monster":0.5},"rarity":"rare","tags_hint":["wellbeing"]},"street":{"pos":"noun","themes":["general"],"elements":["shadow"],"related":["ember","haze","wisp","thorn","gust","tremor","flare","dusk"],"weights":{"sprite":0.5,"monster":0.5},"rarity":"uncommon","tags_hint":["general"]},"streeted":{"pos":"noun","themes":["general"],"elements":["shadow"],"related":["seed","ripple","haze","mire","step","sable","root"],"weights":{"sprite":0.5,"monster":0.5},"rarity":"uncommon","tags_hint":["general"]},"streetful":{"pos":"noun","themes":["general"],"elements":["shadow"],"related":["seed","haze","gleam","mire","spiral","thorn"],"weights":{"sprite":0.5,"monster":0.5},"rarity":"uncommon","tags_hint":["general"]},"stretch":{"pos":"noun","themes":["wellbeing"],"elements":["shadow"],"related":["prism","bloom","knot","veil","trace","seed","hum"],"weights":{"sprite":0.5,"monster":0.5},"rarity":"uncommon","tags_hint":["wellbeing"]},"stretchloop":{"pos":"noun","themes":["wellbeing"],"elements":["shadow"],"related":["dusk","cinder","spiral","sable","gleam","veil","haze","mire"],"weights":{"sprite":0.5,"monster":0.5},"rarity":"rare","tags_hint":["wellbeing"]},"stretchstate":{"pos":"noun","themes":["wellbeing"],"elements":["shadow"],"related":["surge","cinder","seed","spark","pulse","trace","gust"],"weights":{"sprite":0.5,"monster":0.5},"rarity":"rare","tags_hint":["wellbeing"]},"studio":{"pos":"noun","themes":["general"],"elements":["shadow"],"related":["sable","trace","dusk","veil","ray","shade","surge"],"weights":{"sprite":0.5,"monster":0.5},"rarity":"common","tags_hint":["general"]},"studioed":{"pos":"noun","themes":["general"],"elements":["shadow"],"related":["tremor","sable","dusk","seed","wisp","rift","hum","drift"],"weights":{"sprite":0.5,"monster":0.5},"rarity":"uncommon","tags_hint":["general"]},"study":{"pos":"noun","themes":["general"],"elements":["shadow"],"related":["groove","aperture","seed","mire","sigh","veil"],"weights":{"sprite":0.5,"monster":0.5},"rarity":"uncommon","tags_hint":["general"]},"studying":{"pos":"verb","themes":["general"],"elements":["shadow"],"related":["prism","whirl","bloom","drift","cinder","veil","loop"],"weights":{"sprite":0.6,"monster":0.4},"rarity":"uncommon","tags_hint":["general"]},"studyment":{"pos":"noun","themes":["general"],"elements":["shadow"],"related":["dusk","echo","hum","mire","root","haze","tide","flare","step"],"weights":{"sprite":0.5,"monster":0.5},"rarity":"rare","tags_hint":["general"]},"studyship":{"pos":"noun","themes":["general"],"elements":["shadow"],"related":["root","glimmer","loop","gleam","ripple","sable","flare"],"weights":{"sprite":0.5,"monster":0.5},"rarity":"rare","tags_hint":["general"]},"studystate":{"pos":"noun","themes":["general"],"elements":["shadow"],"related":["groove","step","glimmer","flare","veil","spoke","sigh","echo"],"weights":{"sprite":0.5,"monster":0.5},"rarity":"rare","tags_hint":["general"]},"stumble":{"pos":"noun","themes":["general"],"elements":["shadow"],"related":["ripple","wisp","gust","thorn","hum","surge","ember"],"weights":{"sprite":0.5,"monster":0.5},"rarity":"uncommon","tags_hint":["general"]},"stumblephase":{"pos":"noun","themes":["general"],"elements":["shadow"],"related":["ripple","whirl","mire","gleam","sable","shade","ray","flare"],"weights":{"sprite":0.5,"monster":0.5},"rarity":"rare","tags_hint":["general"]},"stumblestate":{"pos":"noun","themes":["general"],"elements":["shadow"],"related":["gust","echo","rift","surge","step","ember","spiral"],"weights":{"sprite":0.5,"monster":0.5},"rarity":"rare","tags_hint":["general"]},"support":{"pos":"noun","themes":["general"],"elements":["shadow"],"related":["cinder","drift","bloom","dusk","tide","ripple","surge"],"weights":{"sprite":0.5,"monster":0.5},"rarity":"uncommon","tags_hint":["general"]},"supported":{"pos":"noun","themes":["general"],"elements":["shadow"],"related":["spiral","gust","groove","ripple","echo","spoke","rift","prism"],"weights":{"sprite":0.5,"monster":0.5},"rarity":"uncommon","tags_hint":["general"]},"supportment":{"pos":"noun","themes":["general"],"elements":["shadow"],"related":["flare","step","echo","drift","seed","sigh","ray"],"weights":{"sprite":0.5,"monster":0.5},"rarity":"rare","tags_hint":["general"]},"supportmode":{"pos":"noun","themes":["general"],"elements":["shadow"],"related":["drift","groove","bloom","prism","ember","mire","spiral","hum"],"weights":{"sprite":0.5,"monster":0.5},"rarity":"rare","tags_hint":["general"]},"supportstate":{"pos":"noun","themes":["general"],"elements":["shadow"],"related":["groove","seed","dusk","loop","trace","flare","ray","wisp"],"weights":{"sprite":0.5,"monster":0.5},"rarity":"rare","tags_hint":["general"]},"surprise":{"pos":"noun","themes":["general"],"elements":["shadow"],"related":["spiral","bloom","pulse","root","flare","crest","spoke"],"weights":{"sprite":0.5,"monster":0.5},"rarity":"uncommon","tags_hint":["general"]},"surpriseness":{"pos":"noun","themes":["general"],"elements":["shadow"],"related":["prism","gust","pulse","bloom","root","ray","spark"],"weights":{"sprite":0.5,"monster":0.5},"rarity":"rare","tags_hint":["general"]},"sweat":{"pos":"noun","themes":["general"],"elements":["shadow"],"related":["ray","hum","sigh","seed","wisp","tremor","spark"],"weights":{"sprite":0.5,"monster":0.5},"rarity":"common","tags_hint":["general"]},"sweatphase":{"pos":"noun","themes":["general"],"elements":["shadow"],"related":["crest","spoke","glimmer","cinder","ember","mire","pulse","thorn","knot"],"weights":{"sprite":0.5,"monster":0.5},"rarity":"rare","tags_hint":["general"]}}