{"idea":{"pos":"noun","themes":["general"],"elements":["light"],"related":["ember","prism","glow","tremor","surge","pulse","echo"],"weights":{"sprite":0.5,"monster":0.5},"rarity":"common","tags_hint":["general"]},"idealoop":{"pos":"noun","themes":["general"],"elements":["light"],"related":["flare","pulse","knot","ray","drift","seed","echo"],"weights":{"sprite":0.5,"monster":0.5},"rarity":"uncommon","tags_hint":["general"]},"ideamode":{"pos":"noun","themes":["general"],"elements":["light"],"related":["bloom","step","root","sigh","knot","seed","glimmer"],"weights":{"sprite":0.5,"monster":0.5},"rarity":"uncommon","tags_hint":["general"]},"innerache":{"pos":"noun","themes":["general"],"elements":["air"],"related":["gust","root","zephyr","groove","aperture","trace","wisp","echo","step"],"weights":{"sprite":0.5,"monster":0.5},"rarity":"uncommon","tags_hint":["general"]},"innerafternoon":{"pos":"noun","themes":["general"],"elements":["air"],"related":["loop","draft","trace","cinder","sigh","knot","hum","prism"],"weights":{"sprite":0.5,"monster":0.5},"rarity":"epic","tags_hint":["general"]},"inneranchor":{"pos":"noun","themes":["general"],"elements":["air"],"related":["loop","glimmer","trace","drift","seed","haze"],"weights":{"sprite":0.5,"monster":0.5},"rarity":"rare","tags_hint":["general"]},"innerawe":{"pos":"noun","themes":["general"],"elements":["air"],"related":["ray","tide","thorn","veil","step","aperture","rift","glimmer"],"weights":{"sprite":0.5,"monster":0.5},"rarity":"uncommon","tags_hint":["general"]},"innerbalance":{"pos":"noun","themes":["general"],"elements":["air"],"related":["sough","spoke","bloom","aperture","draft","thorn","ray","zephyr"],"weights":{"sprite":0.5,"monster":0.5},"rarity":"rare","tags_hint":["general"]},"innerboundary":{"pos":"noun","themes":["general"],"elements":["air"],"related":["rift","gleam","thorn","ripple","flare","crest","bloom","ray"],"weights":{"sprite":0.5,"monster":0.5},"rarity":"epic","tags_hint":["general"]},"innercall":{"pos":"noun","themes":["general"],"elements":["air"],"related":["crest","gleam","tremor","haze","step","aperture","knot","ember"],"weights":{"sprite":0.5,"monster":0.5},"rarity":"uncommon","tags_hint":["general"]},"innercourage":{"pos":"noun","themes":["general"],"elements":["fire"],"related":["groove","root","step","surge","smoke","whirl","ripple"],"weights":{"sprite":0.35,"monster":0.65},"rarity":"rare","tags_hint":["general"]},"innercreate":{"pos":"noun","themes":["general"],"elements":["air"],"related":["seed","spiral","trace","flare","loop","groove","drift"],"weights":{"sprite":0.5,"monster":0.5},"rarity":"rare","tags_hint":["general"]},"innercue":{"pos":"noun","themes":["general"],"elements":["air"],"related":["crest","ripple","hum","sough","thorn","trace","gleam"],"weights":{"sprite":0.5,"monster":0.5},"rarity":"uncommon","tags_hint":["general"]},"innerdiscipline":{"pos":"noun","themes":["habits"],"elements":["metal"],"related":["pulse","bloom","thorn","root","haze","drift","flare"],"weights":{"sprite":0.5,"monster":0.5},"rarity":"epic","tags_hint":["habits"]},"innerflutter":{"pos":"noun","themes":["general"],"elements":["air"],"related":["surge","prism","spiral","zephyr","pulse","hum"],"weights":{"sprite":0.5,"monster":0.5},"rarity":"rare","tags_hint":["general"]},"innerfuzz":{"pos":"noun","themes":["general"],"elements":["air"],"related":["rift","gleam","spark","aperture","bloom","glimmer","tide","pulse","veil"],"weights":{"sprite":0.5,"monster":0.5},"rarity":"uncommon","tags_hint":["general"]},"innergarden":{"pos":"noun","themes":["general"],"elements":["nature"],"related":["haze","briar","ripple","whirl","root","seed","hum","leaf"],"weights":{"sprite":0.5,"monster":0.5},"rarity":"rare","tags_hint":["general"]},"innerguilt":{"pos":"noun","themes":["general"],"elements":["air"],"related":["echo","glimmer","pulse","step","sough","ember","crest"],"weights":{"sprite":0.5,"monster":0.5},"rarity":"rare","tags_hint":["general"]},"inneridea":{"pos":"noun","themes":["general"],"elements":["light"],"related":["knot","loop","ripple","ember","halo","thorn"],"weights":{"sprite":0.5,"monster":0.5},"rarity":"uncommon","tags_hint":["general"]},"innerjealousy":{"pos":"noun","themes":["general"],"elements":["air"],"related":["hum","wisp","gleam","gust","veil","flare","step"],"weights":{"sprite":0.5,"monster":0.5},"rarity":"epic","tags_hint":["general"]},"innernausea":{"pos":"noun","themes":["general"],"elements":["air"],"related":["hum","flare","ray","pulse","spiral","trace","bloom"],"weights":{"sprite":0.5,"monster":0.5},"rarity":"rare","tags_hint":["general"]},"inneroverwhelm":{"pos":"noun","themes":["anxiety"],"elements":["air"],"related":["tremor","tide","spark","flare","draft","ray","wisp","step","prism"],"weights":{"sprite":0.5,"monster":0.5},"rarity":"epic","tags_hint":["anxiety"]},"innerphone":{"pos":"noun","themes":["general"],"elements":["air"],"related":["crest","knot","root","spark","whirl","haze","hum","cinder","echo"],"weights":{"sprite":0.5,"monster":0.5},"rarity":"rare","tags_hint":["general"]},"innerreview":{"pos":"noun","themes":["general"],"elements":["air"],"related":["seed","prism","spiral","ray","gust","glimmer","root"],"weights":{"sprite":0.5,"monster":0.5},"rarity":"rare","tags_hint":["general"]},"innerschedule":{"pos":"noun","themes":["habits"],"elements":["air"],"related":["sough","gleam","gust","zephyr","ember","loop","flare"],"weights":{"sprite":0.5,"monster":0.5},"rarity":"epic","tags_hint":["habits"]},"innerstrain":{"pos":"noun","themes":["wellbeing"],"elements":["air"],"related":["flare","echo","step","zephyr","gleam","aperture"],"weights":{"sprite":0.5,"monster":0.5},"rarity":"rare","tags_hint":["wellbeing"]},"innersweat":{"pos":"noun","themes":["general"],"elements":["air"],"related":["hum","aperture","spark","root","gust","ripple","whirl"],"weights":{"sprite":0.5,"monster":0.5},"rarity":"rare","tags_hint":["general"]},"innerthreshold":{"pos":"noun","themes":["general"],"elements":["air"],"related":["seed","pulse","sough","root","veil","groove","ripple","tide"],"weights":{"sprite":0.5,"monster":0.5},"rarity":"epic","tags_hint":["general"]},"innertingle":{"pos":"noun","themes":["general"],"elements":["metal"],"related":["tremor","rift","ember","seed","flare","bloom","tide","gleam","spiral"],"weights":{"sprite":0.5,"monster":0.5},"rarity":"rare","tags_hint":["general"]},"innertrend":{"pos":"noun","themes":["general"],"elements":["air"],"related":["draft","bloom","thorn","ripple","pulse","tide","crest","spiral"],"weights":{"sprite":0.5,"monster":0.5},"rarity":"rare","tags_hint":["general"]},"innervariance":{"pos":"noun","themes":["general"],"elements":["air"],"related":["prism","echo","step","drift","haze","sigh","cinder","spoke"],"weights":{"sprite":0.5,"monster":0.5},"rarity":"epic","tags_hint":["general"]},"innerworry":{"pos":"noun","themes":["general"],"elements":["air"],"related":["echo","drift","whirl","crest","knot","rift","seed","glimmer","groove"],"weights":{"sprite":0.5,"monster":0.5},"rarity":"rare","tags_hint":["general"]},"insight":{"pos":"noun","themes":["general"],"elements":["air"],"related":["gleam","spoke","aperture","draft","ember","spiral","trace"],"weights":{"sprite":0.5,"monster":0.5},"rarity":"uncommon","tags_hint":["general"]},"itch":{"pos":"noun","themes":["general"],"elements":["air"],"related":["echo","ripple","wisp","loop","rift","pulse","step","aperture"],"weights":{"sprite":0.5,"monster":0.5},"rarity":"common","tags_hint":["general"]},"itchful":{"pos":"noun","themes":["general"],"elements":["air"],"related":["ripple","pulse","hum","tremor","drift","haze","gleam","tide"],"weights":{"sprite":0.5,"monster":0.5},"rarity":"uncommon","tags_hint":["general"]},"itching":{"pos":"verb","themes":["general"],"elements":["air"],"related":["loop","groove","echo","flare","cinder","gust","draft"],"weights":{"sprite":0.6,"monster":0.4},"rarity":"uncommon","tags_hint":["general"]},"itchmode":{"pos":"noun","themes":["general"],"elements":["air"],"related":["whirl","surge","seed","groove","drift","spark","zephyr"],"weights":{"sprite":0.5,"monster":0.5},"rarity":"uncommon","tags_hint":["general"]},"itchship":{"pos":"noun","themes":["general"],"elements":["air"],"related":["hum","tide","knot","crest","spiral","bloom","trace"],"weights":{"sprite":0.5,"monster":0.5},"rarity":"uncommon","tags_hint":["general"]}}