{"nausea":{"pos":"noun","themes":["general"],"elements":["nature"],"related":["root","ray","surge","veil","step","gust","hum"],"weights":{"sprite":0.5,"monster":0.5},"rarity":"common","tags_hint":["general"]},"nauseament":{"pos":"noun","themes":["general"],"elements":["nature"],"related":["leaf","step","thorn","veil","spark","bloom","tide","spiral"],"weights":{"sprite":0.5,"monster":0.5},"rarity":"rare","tags_hint":["general"]},"nauseamode":{"pos":"noun","themes":["general"],"elements":["nature"],"related":["seed","pulse","flare","ember","hum","crest"],"weights":{"sprite":0.5,"monster":0.5},"rarity":"rare","tags_hint":["general"]},"night":{"pos":"noun","themes":["sleep"],"elements":["shadow"],"related":["ray","ripple","step","echo","aperture","root","shade","glimmer"],"weights":{"sprite":0.5,"monster":0.5},"rarity":"uncommon","tags_hint":["sleep"]},"nightment":{"pos":"noun","themes":["sleep"],"elements":["shadow"],"related":["gleam","ember","veil","trace","spark","sigh","mire","tremor","sable"],"weights":{"sprite":0.5,"monster":0.5},"rarity":"rare","tags_hint":["sleep"]},"notice":{"pos":"noun","themes":["general"],"elements":["nature"],"related":["hum","ripple","drift","sigh","aperture","leaf"],"weights":{"sprite":0.5,"monster":0.5},"rarity":"common","tags_hint":["general"]},"noticeless":{"pos":"noun","themes":["general"],"elements":["nature"],"related":["tremor","spiral","seed","gust","knot","tide","crest"],"weights":{"sprite":0.5,"monster":0.5},"rarity":"rare","tags_hint":["general"]},"noticeness":{"pos":"noun","themes":["general"],"elements":["nature"],"related":["knot","spoke","tide","tremor","prism","root"],"weights":{"sprite":0.5,"monster":0.5},"rarity":"rare","tags_hint":["general"]}}