{"garden":{"pos":"noun","themes":["general"],"elements":["nature"],"related":["pulse","wisp","haze","seed","aperture","veil","echo","loop"],"weights":{"sprite":0.5,"monster":0.5},"rarity":"uncommon","tags_hint":["general"]},"gardencycle":{"pos":"noun","themes":["general"],"elements":["nature"],"related":["groove","root","trace","spoke","sigh","hum","glimmer","flare"],"weights":{"sprite":0.5,"monster":0.5},"rarity":"rare","tags_hint":["general"]},"gardenful":{"pos":"noun","themes":["general"],"elements":["nature"],"related":["veil","aperture","ripple","ember","root","leaf","hum","surge"],"weights":{"sprite":0.5,"monster":0.5},"rarity":"uncommon","tags_hint":["general"]},"glare":{"pos":"noun","themes":["general"],"elements":["shadow"],"related":["ray","wisp","spoke","spiral","aperture","pulse","glimmer","tide"],"weights":{"sprite":0.5,"monster":0.5},"rarity":"common","tags_hint":["general"]},"glareloop":{"pos":"noun","themes":["general"],"elements":["shadow"],"related":["shade","gleam","spoke","gust","prism","dusk","ember","ripple","rift"],"weights":{"sprite":0.5,"monster":0.5},"rarity":"uncommon","tags_hint":["general"]},"glow":{"pos":"noun","themes":["general"],"elements":["light"],"related":["glow","crest","ember","gleam","step","spoke"],"weights":{"sprite":0.5,"monster":0.5},"rarity":"common","tags_hint":["general"]},"glowness":{"pos":"noun","themes":["general"],"elements":["light"],"related":["knot","ember","ray","drift","rift","echo","surge","hum","cinder"],"weights":{"sprite":0.5,"monster":0.5},"rarity":"uncommon","tags_hint":["general"]},"goal":{"pos":"noun","themes":["habits"],"elements":["shadow"],"related":["echo","glimmer","sigh","surge","tide","cinder","flare","loop"],"weights":{"sprite":0.5,"monster":0.5},"rarity":"common","tags_hint":["habits"]},"goalstate":{"pos":"noun","themes":["habits"],"elements":["shadow"],"related":["trace","sable","glimmer","loop","tide","gleam","step","root"],"weights":{"sprite":0.5,"monster":0.5},"rarity":"uncommon","tags_hint":["habits"]},"gratitude":{"pos":"noun","themes":["general"],"elements":["shadow"],"related":["spiral","spark","glimmer","trace","sable","ember","tremor","bloom"],"weights":{"sprite":0.6,"monster":0.4},"rarity":"uncommon","tags_hint":["general"]},"gratitudement":{"pos":"noun","themes":["general"],"elements":["shadow"],"related":["dusk","bloom","drift","wisp","veil","spoke","cinder"],"weights":{"sprite":0.6,"monster":0.4},"rarity":"epic","tags_hint":["general"]},"grief":{"pos":"noun","themes":["general"],"elements":["shadow"],"related":["ripple","veil","glimmer","rift","mire","pulse","dusk"],"weights":{"sprite":0.5,"monster":0.5},"rarity":"common","tags_hint":["general"]},"griefcycle":{"pos":"noun","themes":["general"],"elements":["shadow"],"related":["ember","aperture","mire","echo","ray","glimmer","hum","step"],"weights":{"sprite":0.5,"monster":0.5},"rarity":"rare","tags_hint":["general"]},"griefful":{"pos":"noun","themes":["general"],"elements":["shadow"],"related":["root","thorn","tide","glimmer","bloom","ripple","surge"],"weights":{"sprite":0.5,"monster":0.5},"rarity":"uncommon","tags_hint":["general"]},"griefing":{"pos":"verb","themes":["general"],"elements":["shadow"],"related":["spoke","surge","spark","bloom","glimmer","trace","gust","veil"],"weights":{"sprite":0.6,"monster":0.4},"rarity":"uncommon","tags_hint":["general"]},"griefmode":{"pos":"noun","themes":["general"],"elements":["shadow"],"related":["ember","veil","wisp","groove","knot","whirl","hum","flare","rift"],"weights":{"sprite":0.5,"monster":0.5},"rarity":"uncommon","tags_hint":["general"]},"griefphase":{"pos":"noun","themes":["general"],"elements":["shadow"],"related":["glimmer","spoke","aperture","tremor","thorn","spark","mire"],"weights":{"sprite":0.5,"monster":0.5},"rarity":"rare","tags_hint":["general"]},"griefstate":{"pos":"noun","themes":["general"],"elements":["shadow"],"related":["hum","crest","haze","dusk","bloom","ember","prism"],"weights":{"sprite":0.5,"monster":0.5},"rarity":"rare","tags_hint":["general"]},"growth":{"pos":"noun","themes":["general"],"elements":["nature"],"related":["cinder","spoke","surge","step","root","spiral","briar","wisp","knot"],"weights":{"sprite":0.5,"monster":0.5},"rarity":"uncommon","tags_hint":["general"]},"growthcycle":{"pos":"noun","themes":["general"],"elements":["nature"],"related":["veil","cinder","whirl","pulse","petal","step","rift"],"weights":{"sprite":0.5,"monster":0.5},"rarity":"rare","tags_hint":["general"]},"growthloop":{"pos":"noun","themes":["general"],"elements":["nature"],"related":["ember","drift","glimmer","hum","haze","cinder","veil"],"weights":{"sprite":0.5,"monster":0.5},"rarity":"rare","tags_hint":["general"]},"growthstate":{"pos":"noun","themes":["general"],"elements":["nature"],"related":["pulse","bloom","ray","aperture","root","tide","prism"],"weights":{"sprite":0.5,"monster":0.5},"rarity":"rare","tags_hint":["general"]},"guilt":{"pos":"noun","themes":["general"],"elements":["shadow"],"related":["bloom","sable","gleam","wisp","spoke","dusk","knot"],"weights":{"sprite":0.5,"monster":0.5},"rarity":"common","tags_hint":["general"]},"guilted":{"pos":"noun","themes":["general"],"elements":["shadow"],"related":["prism","gleam","whirl","trace","hum","aperture"],"weights":{"sprite":0.5,"monster":0.5},"rarity":"uncommon","tags_hint":["general"]},"guiltless":{"pos":"noun","themes":["general"],"elements":["shadow"],"related":["cinder","dusk","aperture","thorn","gleam","shade","spark","crest","echo","trace"],"weights":{"sprite":0.5,"monster":0.5},"rarity":"uncommon","tags_hint":["general"]},"guiltloop":{"pos":"noun","themes":["general"],"elements":["shadow"],"related":["dusk","bloom","tremor","knot","veil","step"],"weights":{"sprite":0.5,"monster":0.5},"rarity":"uncommon","tags_hint":["general"]},"guiltment":{"pos":"noun","themes":["general"],"elements":["shadow"],"related":["shade","step","haze","gleam","groove","wisp","knot"],"weights":{"sprite":0.5,"monster":0.5},"rarity":"uncommon","tags_hint":["general"]},"guiltship":{"pos":"noun","themes":["general"],"elements":["shadow"],"related":["haze","flare","tremor","seed","pulse","ripple","spiral"],"weights":{"sprite":0.5,"monster":0.5},"rarity":"uncommon","tags_hint":["general"]},"gym":{"pos":"noun","themes":["wellbeing"],"elements":["shadow"],"related":["wisp","tide","sable","spiral","echo","mire","shade","thorn"],"weights":{"sprite":0.5,"monster":0.5},"rarity":"common","tags_hint":["wellbeing"]},"gyming":{"pos":"verb","themes":["wellbeing"],"elements":["shadow"],"related":["ember","thorn","seed","tide","gust","bloom"],"weights":{"sprite":0.6,"monster":0.4},"rarity":"uncommon","tags_hint":["wellbeing"]},"gymmode":{"pos":"noun","themes":["wellbeing"],"elements":["shadow"],"related":["cinder","ripple","loop","flare","step","wisp","bloom","thorn"],"weights":{"sprite":0.5,"monster":0.5},"rarity":"uncommon","tags_hint":["wellbeing"]}}