{"balance":{"pos":"noun","themes":["general"],"elements":["nature"],"related":["seed","flare","loop","root","veil","ripple","rift","cinder"],"weights":{"sprite":0.5,"monster":0.5},"rarity":"uncommon","tags_hint":["general"]},"balancecycle":{"pos":"noun","themes":["general"],"elements":["nature"],"related":["tide","pulse","veil","leaf","spoke","flare","tremor","rift","groove"],"weights":{"sprite":0.5,"monster":0.5},"rarity":"rare","tags_hint":["general"]},"balancephase":{"pos":"noun","themes":["general"],"elements":["nature"],"related":["veil","echo","pulse","spark","tide","prism"],"weights":{"sprite":0.5,"monster":0.5},"rarity":"rare","tags_hint":["general"]},"balancestate":{"pos":"noun","themes":["general"],"elements":["nature"],"related":["root","spoke","echo","rift","aperture","spiral","spark"],"weights":{"sprite":0.5,"monster":0.5},"rarity":"rare","tags_hint":["general"]},"bedroom":{"pos":"noun","themes":["general"],"elements":["nature"],"related":["ray","root","tide","whirl","veil","sigh","haze","ember"],"weights":{"sprite":0.5,"monster":0.5},"rarity":"uncommon","tags_hint":["general"]},"bedroomphase":{"pos":"noun","themes":["general"],"elements":["nature"],"related":["spoke","gleam","briar","aperture","tide","glimmer"],"weights":{"sprite":0.5,"monster":0.5},"rarity":"rare","tags_hint":["general"]},"bedroomstate":{"pos":"noun","themes":["general"],"elements":["nature"],"related":["aperture","spiral","surge","rift","tremor","seed","briar","glimmer"],"weights":{"sprite":0.5,"monster":0.5},"rarity":"rare","tags_hint":["general"]},"blink":{"pos":"noun","themes":["general"],"elements":["nature"],"related":["rift","bloom","cinder","aperture","flare","glimmer","surge","ember"],"weights":{"sprite":0.5,"monster":0.5},"rarity":"uncommon","tags_hint":["general"]},"blinkless":{"pos":"noun","themes":["general"],"elements":["nature"],"related":["surge","haze","bloom","pulse","loop","ray","prism"],"weights":{"sprite":0.5,"monster":0.5},"rarity":"rare","tags_hint":["general"]},"blinkloop":{"pos":"noun","themes":["general"],"elements":["nature"],"related":["flare","cinder","crest","surge","briar","ray","petal","sigh"],"weights":{"sprite":0.5,"monster":0.5},"rarity":"uncommon","tags_hint":["general"]},"blinkment":{"pos":"noun","themes":["general"],"elements":["nature"],"related":["tremor","veil","seed","thorn","root","surge","groove","gleam"],"weights":{"sprite":0.5,"monster":0.5},"rarity":"rare","tags_hint":["general"]},"blinkstate":{"pos":"noun","themes":["general"],"elements":["nature"],"related":["leaf","sigh","spiral","loop","root","crest","gust","surge"],"weights":{"sprite":0.5,"monster":0.5},"rarity":"rare","tags_hint":["general"]},"boundary":{"pos":"noun","themes":["general"],"elements":["nature"],"related":["bloom","leaf","briar","gust","root","glimmer","seed","step","knot"],"weights":{"sprite":0.5,"monster":0.5},"rarity":"uncommon","tags_hint":["general"]},"boundarycycle":{"pos":"noun","themes":["general"],"elements":["nature"],"related":["echo","hum","ember","seed","ray","prism","drift"],"weights":{"sprite":0.5,"monster":0.5},"rarity":"epic","tags_hint":["general"]},"boundarying":{"pos":"verb","themes":["general"],"elements":["nature"],"related":["whirl","aperture","glimmer","haze","gust","gleam","prism","echo"],"weights":{"sprite":0.6,"monster":0.4},"rarity":"rare","tags_hint":["general"]},"boundaryloop":{"pos":"noun","themes":["general"],"elements":["nature"],"related":["surge","haze","leaf","spoke","rift","wisp","sigh"],"weights":{"sprite":0.5,"monster":0.5},"rarity":"rare","tags_hint":["general"]},"boundaryment":{"pos":"noun","themes":["general"],"elements":["nature"],"related":["spoke","ember","knot","thorn","cinder","veil","bloom","wisp","root"],"weights":{"sprite":0.5,"monster":0.5},"rarity":"rare","tags_hint":["general"]},"boundaryness":{"pos":"noun","themes":["general"],"elements":["nature"],"related":["leaf","rift","gleam","loop","haze","thorn","sigh"],"weights":{"sprite":0.5,"monster":0.5},"rarity":"rare","tags_hint":["general"]},"boundarystate":{"pos":"noun","themes":["general"],"elements":["nature"],"related":["root","trace","spark","petal","bloom","spiral","tide","aperture"],"weights":{"sprite":0.5,"monster":0.5},"rarity":"epic","tags_hint":["general"]},"break":{"pos":"noun","themes":["general"],"elements":["nature"],"related":["gust","spiral","briar","crest","ray","leaf"],"weights":{"sprite":0.5,"monster":0.5},"rarity":"common","tags_hint":["general"]},"breakcycle":{"pos":"noun","themes":["general"],"elements":["nature"],"related":["cinder","gleam","crest","aperture","pulse","glimmer","gust","petal"],"weights":{"sprite":0.5,"monster":0.5},"rarity":"rare","tags_hint":["general"]},"breakloop":{"pos":"noun","themes":["general"],"elements":["nature"],"related":["drift","glimmer","loop","rift","step","ray"],"weights":{"sprite":0.5,"monster":0.5},"rarity":"uncommon","tags_hint":["general"]},"breakship":{"pos":"noun","themes":["general"],"elements":["nature"],"related":["knot","trace","pulse","bloom","whirl","wisp"],"weights":{"sprite":0.5,"monster":0.5},"rarity":"uncommon","tags_hint":["general"]},"breakthrough":{"pos":"noun","themes":["general"],"elements":["nature"],"related":["leaf","tremor","flare","aperture","haze","bloom","rift","hum"],"weights":{"sprite":0.5,"monster":0.5},"rarity":"rare","tags_hint":["general"]},"breakthroughful":{"pos":"noun","themes":["general"],"elements":["nature"],"related":["surge","drift","seed","trace","root","whirl","rift","gleam","briar"],"weights":{"sprite":0.5,"monster":0.5},"rarity":"epic","tags_hint":["general"]},"breakthroughmode":{"pos":"noun","themes":["general"],"elements":["nature"],"related":["glimmer","knot","crest","rift","petal","flare","gleam"],"weights":{"sprite":0.5,"monster":0.5},"rarity":"epic","tags_hint":["general"]},"breakthroughness":{"pos":"noun","themes":["general"],"elements":["nature"],"related":["ripple","root","echo","veil","pulse","bloom","drift","thorn"],"weights":{"sprite":0.5,"monster":0.5},"rarity":"epic","tags_hint":["general"]},"breath":{"pos":"noun","themes":["wellbeing"],"elements":["air"],"related":["groove","sough","flare","aperture","spark","sigh","bloom"],"weights":{"sprite":0.5,"monster":0.5},"rarity":"uncommon","tags_hint":["wellbeing"]},"breathe":{"pos":"noun","themes":["wellbeing"],"elements":["air"],"related":["rift","prism","spoke","drift","aperture","sough","whirl","loop"],"weights":{"sprite":0.5,"monster":0.5},"rarity":"uncommon","tags_hint":["wellbeing"]},"breathecycle":{"pos":"noun","themes":["wellbeing"],"elements":["air"],"related":["thorn","haze","loop","prism","ray","seed","sigh","sough","wisp"],"weights":{"sprite":0.5,"monster":0.5},"rarity":"rare","tags_hint":["wellbeing"]},"breatheful":{"pos":"noun","themes":["wellbeing"],"elements":["air"],"related":["spiral","draft","surge","haze","knot","trace","rift"],"weights":{"sprite":0.5,"monster":0.5},"rarity":"rare","tags_hint":["wellbeing"]},"breatheless":{"pos":"noun","themes":["wellbeing"],"elements":["air"],"related":["step","tide","sigh","ray","crest","bloom","zephyr","groove"],"weights":{"sprite":0.5,"monster":0.5},"rarity":"rare","tags_hint":["wellbeing"]},"breatheness":{"pos":"noun","themes":["wellbeing"],"elements":["air"],"related":["groove","draft","sough","ember","crest","tremor","flare"],"weights":{"sprite":0.5,"monster":0.5},"rarity":"rare","tags_hint":["wellbeing"]},"breathing":{"pos":"verb","themes":["wellbeing"],"elements":["air"],"related":["veil","sigh","surge","wisp","draft","tide","aperture","knot","glimmer"],"weights":{"sprite":0.6,"monster":0.4},"rarity":"uncommon","tags_hint":["wellbeing"]},"breathness":{"pos":"noun","themes":["wellbeing"],"elements":["air"],"related":["sough","step","ember","haze","spiral","bloom","echo"],"weights":{"sprite":0.5,"monster":0.5},"rarity":"rare","tags_hint":["wellbeing"]},"burnout":{"pos":"noun","themes":["anxiety"],"elements":["fire"],"related":["tide","hum","gleam","loop","groove","step","gust"],"weights":{"sprite":0.5,"monster":0.5},"rarity":"uncommon","tags_hint":["anxiety"]},"burnoutcycle":{"pos":"noun","themes":["anxiety"],"elements":["fire"],"related":["knot","pulse","wisp","ripple","spiral","flare","ray","echo","tide","spoke"],"weights":{"sprite":0.5,"monster":0.5},"rarity":"rare","tags_hint":["anxiety"]},"burnoutloop":{"pos":"noun","themes":["anxiety"],"elements":["fire"],"related":["drift","gleam","tremor","trace","whirl","hum","cinder","thorn"],"weights":{"sprite":0.5,"monster":0.5},"rarity":"rare","tags_hint":["anxiety"]},"burnoutmode":{"pos":"noun","themes":["anxiety"],"elements":["fire"],"related":["wisp","seed","rift","spoke","step","tremor","pulse","flare","crest"],"weights":{"sprite":0.5,"monster":0.5},"rarity":"rare","tags_hint":["anxiety"]},"burnoutness":{"pos":"noun","themes":["anxiety"],"elements":["fire"],"related":["thorn","cinder","veil","aperture","rift","whirl","hum","gust"],"weights":{"sprite":0.5,"monster":0.5},"rarity":"rare","tags_hint":["anxiety"]},"buzz":{"pos":"noun","themes":["general"],"elements":["nature"],"related":["rift","flare","spiral","groove","aperture","haze","wisp","echo"],"weights":{"sprite":0.5,"monster":0.5},"rarity":"common","tags_hint":["general"]},"buzzed":{"pos":"noun","themes":["general"],"elements":["nature"],"related":["echo","haze","root","groove","wisp","whirl"],"weights":{"sprite":0.5,"monster":0.5},"rarity":"uncommon","tags_hint":["general"]},"buzzing":{"pos":"verb","themes":["general"],"elements":["nature"],"related":["spoke","cinder","prism","briar","trace","haze","flare","glimmer","tide"],"weights":{"sprite":0.6,"monster":0.4},"rarity":"uncommon","tags_hint":["general"]},"buzzless":{"pos":"noun","themes":["general"],"elements":["nature"],"related":["leaf","spoke","seed","crest","ember","tremor","spiral","flare","pulse","wisp"],"weights":{"sprite":0.5,"monster":0.5},"rarity":"uncommon","tags_hint":["general"]},"buzzship":{"pos":"noun","themes":["general"],"elements":["nature"],"related":["glimmer","gleam","haze","ray","loop","spark"],"weights":{"sprite":0.5,"monster":0.5},"rarity":"uncommon","tags_hint":["general"]}}