{"habit":{"pos":"noun","themes":["habits"],"elements":["nature"],"related":["knot","cinder","prism","root","whirl","sigh","leaf","ray","haze"],"weights":{"sprite":0.5,"monster":0.5},"rarity":"common","tags_hint":["habits"]},"habitcycle":{"pos":"noun","themes":["habits"],"elements":["nature"],"related":["rift","haze","whirl","gust","spark","loop"],"weights":{"sprite":0.5,"monster":0.5},"rarity":"rare","tags_hint":["habits"]},"habited":{"pos":"noun","themes":["habits"],"elements":["nature"],"related":["flare","briar","knot","aperture","ember","root","surge","seed"],"weights":{"sprite":0.5,"monster":0.5},"rarity":"uncommon","tags_hint":["habits"]},"habitmode":{"pos":"noun","themes":["habits"],"elements":["nature"],"related":["briar","thorn","glimmer","gleam","step","spiral"],"weights":{"sprite":0.5,"monster":0.5},"rarity":"uncommon","tags_hint":["habits"]},"heartbeat":{"pos":"noun","themes":["general"],"elements":["nature"],"related":["bloom","aperture","glimmer","tremor","step","crest","sigh","petal"],"weights":{"sprite":0.5,"monster":0.5},"rarity":"uncommon","tags_hint":["general"]},"heartbeating":{"pos":"verb","themes":["general"],"elements":["metal"],"related":["hum","prism","root","veil","spiral","trace","tide"],"weights":{"sprite":0.6,"monster":0.4},"rarity":"rare","tags_hint":["general"]},"heartbeatstate":{"pos":"noun","themes":["general"],"elements":["nature"],"related":["tide","haze","ripple","spiral","crest","loop","groove"],"weights":{"sprite":0.5,"monster":0.5},"rarity":"epic","tags_hint":["general"]},"hiss":{"pos":"noun","themes":["general"],"elements":["nature"],"related":["crest","glimmer","tide","spark","sigh","root","ember"],"weights":{"sprite":0.5,"monster":0.5},"rarity":"common","tags_hint":["general"]},"hisscycle":{"pos":"noun","themes":["general"],"elements":["nature"],"related":["echo","briar","drift","gleam","spiral","root","veil"],"weights":{"sprite":0.5,"monster":0.5},"rarity":"rare","tags_hint":["general"]},"hissing":{"pos":"verb","themes":["general"],"elements":["nature"],"related":["loop","thorn","veil","pulse","briar","aperture"],"weights":{"sprite":0.6,"monster":0.4},"rarity":"uncommon","tags_hint":["general"]},"hissment":{"pos":"noun","themes":["general"],"elements":["nature"],"related":["step","spoke","flare","spark","bloom","prism","ripple","aperture","glimmer"],"weights":{"sprite":0.5,"monster":0.5},"rarity":"uncommon","tags_hint":["general"]},"holiday":{"pos":"noun","themes":["general"],"elements":["nature"],"related":["echo","spoke","tide","sigh","gust","ripple"],"weights":{"sprite":0.5,"monster":0.5},"rarity":"uncommon","tags_hint":["general"]},"holidayment":{"pos":"noun","themes":["general"],"elements":["nature"],"related":["glimmer","spiral","sigh","rift","briar","ray","seed","root","ember"],"weights":{"sprite":0.5,"monster":0.5},"rarity":"rare","tags_hint":["general"]},"holidaymode":{"pos":"noun","themes":["general"],"elements":["nature"],"related":["spiral","cinder","flare","pulse","sigh","tremor","leaf","drift"],"weights":{"sprite":0.5,"monster":0.5},"rarity":"rare","tags_hint":["general"]},"home":{"pos":"noun","themes":["general"],"elements":["nature"],"related":["glimmer","thorn","haze","veil","aperture","trace"],"weights":{"sprite":0.5,"monster":0.5},"rarity":"common","tags_hint":["general"]},"homement":{"pos":"noun","themes":["general"],"elements":["nature"],"related":["ripple","knot","spiral","gleam","wisp","gust","crest","whirl"],"weights":{"sprite":0.5,"monster":0.5},"rarity":"uncommon","tags_hint":["general"]},"hope":{"pos":"noun","themes":["general"],"elements":["nature"],"related":["step","seed","spoke","hum","gleam","cinder","sigh","ray"],"weights":{"sprite":0.5,"monster":0.5},"rarity":"common","tags_hint":["general"]},"hopeing":{"pos":"verb","themes":["general"],"elements":["nature"],"related":["trace","whirl","ember","bloom","spoke","knot","veil"],"weights":{"sprite":0.6,"monster":0.4},"rarity":"uncommon","tags_hint":["general"]},"hopement":{"pos":"noun","themes":["general"],"elements":["nature"],"related":["haze","leaf","spoke","tremor","echo","cinder"],"weights":{"sprite":0.5,"monster":0.5},"rarity":"uncommon","tags_hint":["general"]},"hopemode":{"pos":"noun","themes":["general"],"elements":["nature"],"related":["echo","veil","knot","rift","spark","briar","haze","loop","tide","seed"],"weights":{"sprite":0.5,"monster":0.5},"rarity":"uncommon","tags_hint":["general"]},"hopephase":{"pos":"noun","themes":["general"],"elements":["nature"],"related":["surge","pulse","ray","sigh","ripple","prism","root","spoke"],"weights":{"sprite":0.5,"monster":0.5},"rarity":"uncommon","tags_hint":["general"]},"hopeship":{"pos":"noun","themes":["general"],"elements":["nature"],"related":["aperture","thorn","glimmer","root","drift","ember"],"weights":{"sprite":0.5,"monster":0.5},"rarity":"uncommon","tags_hint":["general"]},"hopestate":{"pos":"noun","themes":["general"],"elements":["nature"],"related":["loop","step","tide","spiral","prism","petal","crest","echo","knot"],"weights":{"sprite":0.5,"monster":0.5},"rarity":"uncommon","tags_hint":["general"]},"hum":{"pos":"noun","themes":["general"],"elements":["nature"],"related":["prism","tremor","ripple","hum","flare","spiral","step"],"weights":{"sprite":0.5,"monster":0.5},"rarity":"common","tags_hint":["general"]},"humless":{"pos":"noun","themes":["general"],"elements":["nature"],"related":["ray","tide","step","whirl","leaf","flare","root","sigh"],"weights":{"sprite":0.5,"monster":0.5},"rarity":"uncommon","tags_hint":["general"]},"humloop":{"pos":"noun","themes":["general"],"elements":["nature"],"related":["ripple","rift","step","trace","wisp","seed","echo"],"weights":{"sprite":0.5,"monster":0.5},"rarity":"uncommon","tags_hint":["general"]},"humness":{"pos":"noun","themes":["general"],"elements":["nature"],"related":["tide","flare","hum","whirl","surge","root","cinder","knot","prism"],"weights":{"sprite":0.5,"monster":0.5},"rarity":"uncommon","tags_hint":["general"]},"humstate":{"pos":"noun","themes":["general"],"elements":["nature"],"related":["prism","root","step","veil","ripple","crest","pulse"],"weights":{"sprite":0.5,"monster":0.5},"rarity":"uncommon","tags_hint":["general"]},"hydrate":{"pos":"noun","themes":["wellbeing"],"elements":["nature"],"related":["bloom","echo","aperture","drift","trace","root","cinder"],"weights":{"sprite":0.5,"monster":0.5},"rarity":"uncommon","tags_hint":["wellbeing"]},"hydratephase":{"pos":"noun","themes":["wellbeing"],"elements":["nature"],"related":["hum","knot","spark","aperture","tremor","ripple","thorn","leaf","spiral"],"weights":{"sprite":0.5,"monster":0.5},"rarity":"rare","tags_hint":["wellbeing"]}}