{"deadline":{"pos":"noun","themes":["general"],"elements":["water"],"related":["brine","trace","prism","bloom","cinder","knot","ember","rift","hum"],"weights":{"sprite":0.5,"monster":0.5},"rarity":"uncommon","tags_hint":["general"]},"deadlineed":{"pos":"noun","themes":["general"],"elements":["water"],"related":["wisp","current","spiral","prism","tide","thorn","echo","pulse","flare"],"weights":{"sprite":0.5,"monster":0.5},"rarity":"rare","tags_hint":["general"]},"deadlineless":{"pos":"noun","themes":["general"],"elements":["water"],"related":["bloom","prism","haze","spoke","step","pulse","aperture","gleam"],"weights":{"sprite":0.5,"monster":0.5},"rarity":"rare","tags_hint":["general"]},"deadlinephase":{"pos":"noun","themes":["general"],"elements":["water"],"related":["spark","prism","echo","haze","brine","spoke","rift","eddy"],"weights":{"sprite":0.5,"monster":0.5},"rarity":"epic","tags_hint":["general"]},"declutter":{"pos":"noun","themes":["general"],"elements":["water"],"related":["spark","loop","tide","surge","drift","eddy","brine"],"weights":{"sprite":0.5,"monster":0.5},"rarity":"uncommon","tags_hint":["general"]},"declutterless":{"pos":"noun","themes":["general"],"elements":["water"],"related":["root","crest","surge","echo","wisp","eddy","thorn","gust","current","spray"],"weights":{"sprite":0.5,"monster":0.5},"rarity":"epic","tags_hint":["general"]},"declutterloop":{"pos":"noun","themes":["general"],"elements":["water"],"related":["aperture","seed","glimmer","spray","eddy","brine","bloom","current"],"weights":{"sprite":0.5,"monster":0.5},"rarity":"epic","tags_hint":["general"]},"decluttermode":{"pos":"noun","themes":["general"],"elements":["water"],"related":["step","spiral","tide","cinder","glimmer","surge","groove","root"],"weights":{"sprite":0.5,"monster":0.5},"rarity":"epic","tags_hint":["general"]},"determination":{"pos":"noun","themes":["general"],"elements":["water"],"related":["tremor","brine","cinder","prism","step","thorn"],"weights":{"sprite":0.5,"monster":0.5},"rarity":"epic","tags_hint":["general"]},"determinationful":{"pos":"noun","themes":["general"],"elements":["water"],"related":["gleam","surge","tide","ray","veil","glimmer","root"],"weights":{"sprite":0.5,"monster":0.5},"rarity":"epic","tags_hint":["general"]},"discipline":{"pos":"noun","themes":["habits"],"elements":["metal"],"related":["flare","ripple","cinder","wisp","sigh","seed","knot","trace"],"weights":{"sprite":0.5,"monster":0.5},"rarity":"rare","tags_hint":["habits"]},"disciplineless":{"pos":"noun","themes":["habits"],"elements":["metal"],"related":["tremor","gust","trace","thorn","ember","groove","glimmer","loop"],"weights":{"sprite":0.5,"monster":0.5},"rarity":"epic","tags_hint":["habits"]},"dizzy":{"pos":"noun","themes":["general"],"elements":["water"],"related":["tremor","glimmer","aperture","tide","spray","spoke","crest","root"],"weights":{"sprite":0.5,"monster":0.5},"rarity":"uncommon","tags_hint":["general"]},"dizzyful":{"pos":"noun","themes":["general"],"elements":["water"],"related":["cinder","current","spoke","groove","ember","rift","gleam"],"weights":{"sprite":0.5,"monster":0.5},"rarity":"uncommon","tags_hint":["general"]},"dizzyphase":{"pos":"noun","themes":["general"],"elements":["water"],"related":["surge","thorn","tremor","gleam","pulse","sigh","knot","ripple"],"weights":{"sprite":0.5,"monster":0.5},"rarity":"rare","tags_hint":["general"]},"doubt":{"pos":"noun","themes":["anxiety"],"elements":["shadow"],"related":["shade","haze","glimmer","crest","tide","hum","gust"],"weights":{"sprite":0.5,"monster":0.5},"rarity":"common","tags_hint":["anxiety"]},"doubtcycle":{"pos":"noun","themes":["anxiety"],"elements":["shadow"],"related":["root","ray","shade","cinder","hum","gleam","pulse","trace"],"weights":{"sprite":0.5,"monster":0.5},"rarity":"rare","tags_hint":["anxiety"]},"draw":{"pos":"noun","themes":["general"],"elements":["water"],"related":["flare","spiral","current","pulse","spoke","glimmer"],"weights":{"sprite":0.5,"monster":0.5},"rarity":"common","tags_hint":["general"]},"drawless":{"pos":"noun","themes":["general"],"elements":["water"],"related":["eddy","step","ember","gleam","spiral","ray","bloom","groove","flare"],"weights":{"sprite":0.5,"monster":0.5},"rarity":"uncommon","tags_hint":["general"]},"drawment":{"pos":"noun","themes":["general"],"elements":["water"],"related":["eddy","tremor","root","crest","spray","glimmer","ripple","knot","spoke"],"weights":{"sprite":0.5,"monster":0.5},"rarity":"uncommon","tags_hint":["general"]},"dread":{"pos":"noun","themes":["general"],"elements":["water"],"related":["ember","pulse","gust","bloom","whirl","ray","haze","drift","brine","tremor"],"weights":{"sprite":0.35,"monster":0.65},"rarity":"common","tags_hint":["general"]}}