{"task":{"pos":"noun","themes":["general"],"elements":["nature"],"related":["veil","sigh","spoke","groove","tide","ray"],"weights":{"sprite":0.5,"monster":0.5},"rarity":"common","tags_hint":["general"]},"tasked":{"pos":"noun","themes":["general"],"elements":["nature"],"related":["leaf","drift","ripple","haze","prism","wisp","hum","aperture"],"weights":{"sprite":0.5,"monster":0.5},"rarity":"uncommon","tags_hint":["general"]},"taskless":{"pos":"noun","themes":["general"],"elements":["nature"],"related":["spiral","gleam","ripple","hum","rift","groove","pulse","wisp"],"weights":{"sprite":0.5,"monster":0.5},"rarity":"uncommon","tags_hint":["general"]},"taskloop":{"pos":"noun","themes":["general"],"elements":["nature"],"related":["leaf","glimmer","root","crest","haze","petal","spiral","trace","thorn","ember"],"weights":{"sprite":0.5,"monster":0.5},"rarity":"uncommon","tags_hint":["general"]},"taskship":{"pos":"noun","themes":["general"],"elements":["nature"],"related":["knot","veil","hum","root","leaf","gleam","bloom","tide"],"weights":{"sprite":0.5,"monster":0.5},"rarity":"uncommon","tags_hint":["general"]},"team":{"pos":"noun","themes":["social"],"elements":["nature"],"related":["aperture","surge","tremor","step","loop","ripple","spiral","spoke","gust"],"weights":{"sprite":0.5,"monster":0.5},"rarity":"common","tags_hint":["social"]},"teamcycle":{"pos":"noun","themes":["social"],"elements":["nature"],"related":["gleam","aperture","loop","cinder","whirl","root"],"weights":{"sprite":0.5,"monster":0.5},"rarity":"uncommon","tags_hint":["social"]},"teamloop":{"pos":"noun","themes":["social"],"elements":["nature"],"related":["gleam","loop","surge","gust","whirl","sigh","leaf","groove"],"weights":{"sprite":0.5,"monster":0.5},"rarity":"uncommon","tags_hint":["social"]},"teamment":{"pos":"noun","themes":["social"],"elements":["nature"],"related":["wisp","groove","gleam","cinder","tide","gust","briar","surge"],"weights":{"sprite":0.5,"monster":0.5},"rarity":"uncommon","tags_hint":["social"]},"tears":{"pos":"noun","themes":["general"],"elements":["water"],"related":["step","surge","prism","bloom","drift","sigh","brine"],"weights":{"sprite":0.5,"monster":0.5},"rarity":"common","tags_hint":["general"]},"tearsstate":{"pos":"noun","themes":["general"],"elements":["water"],"related":["haze","gust","current","drift","trace","ripple","spoke","eddy"],"weights":{"sprite":0.5,"monster":0.5},"rarity":"rare","tags_hint":["general"]},"tension":{"pos":"noun","themes":["general"],"elements":["nature"],"related":["tide","sigh","spark","petal","step","root","wisp"],"weights":{"sprite":0.5,"monster":0.5},"rarity":"uncommon","tags_hint":["general"]},"tensioned":{"pos":"noun","themes":["general"],"elements":["nature"],"related":["cinder","briar","sigh","hum","wisp","echo","aperture","ember"],"weights":{"sprite":0.5,"monster":0.5},"rarity":"uncommon","tags_hint":["general"]},"tensioning":{"pos":"verb","themes":["general"],"elements":["nature"],"related":["trace","spark","tide","root","aperture","pulse","knot","spoke"],"weights":{"sprite":0.6,"monster":0.4},"rarity":"rare","tags_hint":["general"]},"therapy":{"pos":"noun","themes":["general"],"elements":["nature"],"related":["surge","prism","seed","step","spoke","ripple","haze","gust"],"weights":{"sprite":0.5,"monster":0.5},"rarity":"uncommon","tags_hint":["general"]},"therapymode":{"pos":"noun","themes":["general"],"elements":["nature"],"related":["spoke","glimmer","trace","root","leaf","echo","haze"],"weights":{"sprite":0.5,"monster":0.5},"rarity":"rare","tags_hint":["general"]},"therapyness":{"pos":"noun","themes":["general"],"elements":["nature"],"related":["petal","surge","root","crest","spiral","seed","veil","trace","groove","gleam"],"weights":{"sprite":0.5,"monster":0.5},"rarity":"rare","tags_hint":["general"]},"threshold":{"pos":"noun","themes":["general"],"elements":["nature"],"related":["leaf","aperture","spiral","crest","briar","root","knot","groove","whirl","petal"],"weights":{"sprite":0.5,"monster":0.5},"rarity":"rare","tags_hint":["general"]},"thresholding":{"pos":"verb","themes":["general"],"elements":["nature"],"related":["ember","trace","briar","knot","whirl","pulse","spiral"],"weights":{"sprite":0.6,"monster":0.4},"rarity":"rare","tags_hint":["general"]},"thresholdship":{"pos":"noun","themes":["general"],"elements":["nature"],"related":["thorn","echo","spoke","flare","root","ember","whirl"],"weights":{"sprite":0.5,"monster":0.5},"rarity":"epic","tags_hint":["general"]},"tightness":{"pos":"noun","themes":["general"],"elements":["nature"],"related":["prism","echo","cinder","spoke","spiral","rift","spark"],"weights":{"sprite":0.5,"monster":0.5},"rarity":"rare","tags_hint":["general"]},"tightnessful":{"pos":"noun","themes":["general"],"elements":["nature"],"related":["echo","root","haze","tremor","veil","spark","gleam","glimmer","hum"],"weights":{"sprite":0.5,"monster":0.5},"rarity":"rare","tags_hint":["general"]},"tightnessloop":{"pos":"noun","themes":["general"],"elements":["nature"],"related":["surge","sigh","haze","groove","ray","seed","petal","rift"],"weights":{"sprite":0.5,"monster":0.5},"rarity":"epic","tags_hint":["general"]},"tightnessmode":{"pos":"noun","themes":["general"],"elements":["nature"],"related":["wisp","ray","aperture","thorn","whirl","crest","spiral"],"weights":{"sprite":0.5,"monster":0.5},"rarity":"epic","tags_hint":["general"]},"tingle":{"pos":"noun","themes":["general"],"elements":["metal"],"related":["thorn","bloom","gust","sigh","aperture","haze","ember","crest","wisp"],"weights":{"sprite":0.5,"monster":0.5},"rarity":"uncommon","tags_hint":["general"]},"tolerance":{"pos":"noun","themes":["general"],"elements":["nature"],"related":["trace","knot","spark","spoke","echo","drift"],"weights":{"sprite":0.5,"monster":0.5},"rarity":"uncommon","tags_hint":["general"]},"toleranceless":{"pos":"noun","themes":["general"],"elements":["nature"],"related":["glimmer","groove","sigh","petal","whirl","cinder","root","tremor"],"weights":{"sprite":0.5,"monster":0.5},"rarity":"epic","tags_hint":["general"]},"toleranceloop":{"pos":"noun","themes":["general"],"elements":["nature"],"related":["root","gleam","spark","prism","crest","briar"],"weights":{"sprite":0.5,"monster":0.5},"rarity":"epic","tags_hint":["general"]},"tolerancestate":{"pos":"noun","themes":["general"],"elements":["nature"],"related":["tremor","cinder","wisp","ember","haze","echo","gust","veil"],"weights":{"sprite":0.5,"monster":0.5},"rarity":"epic","tags_hint":["general"]},"track":{"pos":"noun","themes":["habits"],"elements":["nature"],"related":["leaf","thorn","pulse","trace","groove","glimmer","prism","seed","whirl"],"weights":{"sprite":0.5,"monster":0.5},"rarity":"uncommon","tags_hint":["habits"]},"tracking":{"pos":"verb","themes":["habits"],"elements":["nature"],"related":["seed","veil","whirl","groove","ray","flare","root","surge","wisp"],"weights":{"sprite":0.6,"monster":0.4},"rarity":"uncommon","tags_hint":["habits"]},"trackphase":{"pos":"noun","themes":["habits"],"elements":["nature"],"related":["echo","leaf","surge","thorn","hum","ember"],"weights":{"sprite":0.5,"monster":0.5},"rarity":"rare","tags_hint":["habits"]},"train":{"pos":"noun","themes":["wellbeing"],"elements":["nature"],"related":["trace","leaf","ember","sigh","seed","crest","spiral","echo","ripple"],"weights":{"sprite":0.5,"monster":0.5},"rarity":"common","tags_hint":["wellbeing"]},"traincycle":{"pos":"noun","themes":["wellbeing"],"elements":["nature"],"related":["step","tide","cinder","sigh","prism","wisp"],"weights":{"sprite":0.5,"monster":0.5},"rarity":"rare","tags_hint":["wellbeing"]},"trainstate":{"pos":"noun","themes":["wellbeing"],"elements":["nature"],"related":["cinder","tremor","loop","gust","petal","root","spoke","echo","trace"],"weights":{"sprite":0.5,"monster":0.5},"rarity":"rare","tags_hint":["wellbeing"]},"tremor":{"pos":"noun","themes":["general"],"elements":["nature"],"related":["root","glimmer","veil","cinder","spiral","ripple","groove","gust","trace"],"weights":{"sprite":0.5,"monster":0.5},"rarity":"uncommon","tags_hint":["general"]},"tremorful":{"pos":"noun","themes":["general"],"elements":["nature"],"related":["loop","veil","leaf","briar","crest","petal","rift"],"weights":{"sprite":0.5,"monster":0.5},"rarity":"uncommon","tags_hint":["general"]},"tremoring":{"pos":"verb","themes":["general"],"elements":["nature"],"related":["briar","drift","rift","ray","step","haze","wisp"],"weights":{"sprite":0.6,"monster":0.4},"rarity":"uncommon","tags_hint":["general"]},"tremorstate":{"pos":"noun","themes":["general"],"elements":["nature"],"related":["crest","spoke","ember","tide","veil","flare","loop","spiral"],"weights":{"sprite":0.5,"monster":0.5},"rarity":"rare","tags_hint":["general"]},"trend":{"pos":"noun","themes":["general"],"elements":["nature"],"related":["ripple","ember","hum","flare","glimmer","pulse","prism"],"weights":{"sprite":0.5,"monster":0.5},"rarity":"uncommon","tags_hint":["general"]},"trendship":{"pos":"noun","themes":["general"],"elements":["nature"],"related":["gleam","seed","root","ray","sigh","spoke"],"weights":{"sprite":0.5,"monster":0.5},"rarity":"rare","tags_hint":["general"]},"trigger":{"pos":"noun","themes":["general"],"elements":["nature"],"related":["echo","ripple","pulse","gleam","sigh","hum","spark","knot"],"weights":{"sprite":0.5,"monster":0.5},"rarity":"uncommon","tags_hint":["general"]},"triggercycle":{"pos":"noun","themes":["general"],"elements":["nature"],"related":["tide","surge","haze","root","knot","thorn"],"weights":{"sprite":0.5,"monster":0.5},"rarity":"rare","tags_hint":["general"]},"triggering":{"pos":"verb","themes":["general"],"elements":["nature"],"related":["root","haze","spoke","groove","rift","tremor","hum","petal"],"weights":{"sprite":0.6,"monster":0.4},"rarity":"rare","tags_hint":["general"]},"triggerless":{"pos":"noun","themes":["general"],"elements":["nature"],"related":["root","crest","leaf","aperture","knot","pulse","echo","trace"],"weights":{"sprite":0.5,"monster":0.5},"rarity":"rare","tags_hint":["general"]},"triggermode":{"pos":"noun","themes":["general"],"elements":["nature"],"related":["tremor","sigh","tide","prism","ripple","rift","ember"],"weights":{"sprite":0.5,"monster":0.5},"rarity":"rare","tags_hint":["general"]},"triggerphase":{"pos":"noun","themes":["general"],"elements":["nature"],"related":["thorn","gleam","crest","veil","haze","wisp","spiral","root","surge"],"weights":{"sprite":0.5,"monster":0.5},"rarity":"rare","tags_hint":["general"]},"trust":{"pos":"noun","themes":["general"],"elements":["nature"],"related":["wisp","haze","flare","leaf","step","glimmer","tide","prism"],"weights":{"sprite":0.5,"monster":0.5},"rarity":"uncommon","tags_hint":["general"]},"trusted":{"pos":"noun","themes":["general"],"elements":["nature"],"related":["prism","step","briar","surge","wisp","gleam","root","tremor","veil"],"weights":{"sprite":0.5,"monster":0.5},"rarity":"uncommon","tags_hint":["general"]},"trustness":{"pos":"noun","themes":["general"],"elements":["nature"],"related":["echo","tremor","hum","loop","seed","wisp","groove","gleam"],"weights":{"sprite":0.5,"monster":0.5},"rarity":"rare","tags_hint":["general"]}}