{"call":{"pos":"noun","themes":["general"],"elements":["air"],"related":["root","thorn","step","knot","ripple","echo","crest"],"weights":{"sprite":0.5,"monster":0.5},"rarity":"common","tags_hint":["general"]},"callloop":{"pos":"noun","themes":["general"],"elements":["air"],"related":["flare","groove","veil","knot","zephyr","aperture","spiral","sigh"],"weights":{"sprite":0.5,"monster":0.5},"rarity":"uncommon","tags_hint":["general"]},"callmode":{"pos":"noun","themes":["general"],"elements":["air"],"related":["thorn","zephyr","seed","spoke","veil","bloom","sough","tide"],"weights":{"sprite":0.5,"monster":0.5},"rarity":"uncommon","tags_hint":["general"]},"calm":{"pos":"noun","themes":["general"],"elements":["air"],"related":["loop","groove","veil","ray","trace","wisp","sough","thorn"],"weights":{"sprite":0.6,"monster":0.4},"rarity":"common","tags_hint":["general"]},"calmloop":{"pos":"noun","themes":["general"],"elements":["air"],"related":["echo","groove","ripple","draft","wisp","pulse","haze"],"weights":{"sprite":0.6,"monster":0.4},"rarity":"uncommon","tags_hint":["general"]},"calmphase":{"pos":"noun","themes":["general"],"elements":["air"],"related":["gleam","trace","flare","surge","prism","thorn"],"weights":{"sprite":0.6,"monster":0.4},"rarity":"uncommon","tags_hint":["general"]},"calmship":{"pos":"noun","themes":["general"],"elements":["air"],"related":["surge","ripple","crest","tide","aperture","loop","spark"],"weights":{"sprite":0.6,"monster":0.4},"rarity":"uncommon","tags_hint":["general"]},"calmstate":{"pos":"noun","themes":["general"],"elements":["air"],"related":["root","surge","loop","glimmer","step","hum","aperture","draft"],"weights":{"sprite":0.6,"monster":0.4},"rarity":"uncommon","tags_hint":["general"]},"chill":{"pos":"noun","themes":["general"],"elements":["air"],"related":["cinder","aperture","rift","pulse","prism","wisp"],"weights":{"sprite":0.5,"monster":0.5},"rarity":"uncommon","tags_hint":["general"]},"chillcycle":{"pos":"noun","themes":["general"],"elements":["air"],"related":["spark","seed","haze","ripple","drift","step","ray","cinder"],"weights":{"sprite":0.5,"monster":0.5},"rarity":"rare","tags_hint":["general"]},"chillship":{"pos":"noun","themes":["general"],"elements":["air"],"related":["drift","rift","ripple","bloom","thorn","draft","zephyr","crest","cinder","surge"],"weights":{"sprite":0.5,"monster":0.5},"rarity":"rare","tags_hint":["general"]},"choice":{"pos":"noun","themes":["general"],"elements":["air"],"related":["step","rift","root","groove","spark","loop"],"weights":{"sprite":0.5,"monster":0.5},"rarity":"common","tags_hint":["general"]},"choiceful":{"pos":"noun","themes":["general"],"elements":["air"],"related":["gust","zephyr","sigh","bloom","glimmer","whirl","drift"],"weights":{"sprite":0.5,"monster":0.5},"rarity":"uncommon","tags_hint":["general"]},"choiceloop":{"pos":"noun","themes":["general"],"elements":["air"],"related":["gust","step","surge","zephyr","spiral","loop"],"weights":{"sprite":0.5,"monster":0.5},"rarity":"rare","tags_hint":["general"]},"choiceship":{"pos":"noun","themes":["general"],"elements":["air"],"related":["cinder","pulse","seed","wisp","whirl","ray","glimmer"],"weights":{"sprite":0.5,"monster":0.5},"rarity":"rare","tags_hint":["general"]},"choicestate":{"pos":"noun","themes":["general"],"elements":["air"],"related":["trace","spiral","knot","gleam","spoke","aperture"],"weights":{"sprite":0.5,"monster":0.5},"rarity":"rare","tags_hint":["general"]},"clarity":{"pos":"noun","themes":["general"],"elements":["light"],"related":["knot","ember","seed","root","sigh","glow","surge"],"weights":{"sprite":0.6,"monster":0.4},"rarity":"uncommon","tags_hint":["general"]},"clarityed":{"pos":"noun","themes":["general"],"elements":["light"],"related":["aperture","crest","spark","step","surge","seed","trace"],"weights":{"sprite":0.6,"monster":0.4},"rarity":"uncommon","tags_hint":["general"]},"clarityment":{"pos":"noun","themes":["general"],"elements":["light"],"related":["ray","loop","spark","pulse","aperture","veil","knot"],"weights":{"sprite":0.6,"monster":0.4},"rarity":"rare","tags_hint":["general"]},"claritymode":{"pos":"noun","themes":["general"],"elements":["light"],"related":["step","drift","sigh","whirl","beam","seed"],"weights":{"sprite":0.6,"monster":0.4},"rarity":"rare","tags_hint":["general"]},"claritystate":{"pos":"noun","themes":["general"],"elements":["light"],"related":["trace","beam","bloom","prism","wisp","tremor"],"weights":{"sprite":0.6,"monster":0.4},"rarity":"rare","tags_hint":["general"]},"clean":{"pos":"noun","themes":["general"],"elements":["air"],"related":["zephyr","root","hum","draft","sigh","trace","ray","prism"],"weights":{"sprite":0.5,"monster":0.5},"rarity":"common","tags_hint":["general"]},"clinic":{"pos":"noun","themes":["general"],"elements":["air"],"related":["root","groove","haze","surge","drift","bloom","aperture","tide"],"weights":{"sprite":0.5,"monster":0.5},"rarity":"uncommon","tags_hint":["general"]},"clinicloop":{"pos":"noun","themes":["general"],"elements":["air"],"related":["whirl","spiral","spoke","tide","ember","loop","prism","sough","seed","trace"],"weights":{"sprite":0.5,"monster":0.5},"rarity":"rare","tags_hint":["general"]},"clinicmode":{"pos":"noun","themes":["general"],"elements":["air"],"related":["crest","prism","veil","sigh","haze","gleam","rift","trace","echo","flare"],"weights":{"sprite":0.5,"monster":0.5},"rarity":"rare","tags_hint":["general"]},"clinicship":{"pos":"noun","themes":["general"],"elements":["air"],"related":["spark","groove","thorn","spoke","tide","ripple","tremor","whirl"],"weights":{"sprite":0.5,"monster":0.5},"rarity":"rare","tags_hint":["general"]},"clinicstate":{"pos":"noun","themes":["general"],"elements":["air"],"related":["groove","ripple","gust","loop","surge","hum","sigh","spark","crest","knot"],"weights":{"sprite":0.5,"monster":0.5},"rarity":"rare","tags_hint":["general"]},"coacceptance":{"pos":"noun","themes":["general"],"elements":["air"],"related":["thorn","bloom","rift","drift","whirl","wisp","glimmer","ripple"],"weights":{"sprite":0.5,"monster":0.5},"rarity":"rare","tags_hint":["general"]},"cobreath":{"pos":"noun","themes":["wellbeing"],"elements":["air"],"related":["spoke","ripple","tide","prism","drift","knot","spiral"],"weights":{"sprite":0.5,"monster":0.5},"rarity":"uncommon","tags_hint":["wellbeing"]},"cobreathe":{"pos":"noun","themes":["wellbeing"],"elements":["air"],"related":["thorn","sough","flare","tremor","step","ember","drift","prism","tide"],"weights":{"sprite":0.5,"monster":0.5},"rarity":"uncommon","tags_hint":["wellbeing"]},"cocode":{"pos":"noun","themes":["general"],"elements":["air"],"related":["glimmer","aperture","sigh","tremor","spiral","trace","knot","gleam"],"weights":{"sprite":0.5,"monster":0.5},"rarity":"common","tags_hint":["general"]},"cocommute":{"pos":"noun","themes":["general"],"elements":["air"],"related":["draft","rift","knot","sigh","loop","glimmer","hum"],"weights":{"sprite":0.5,"monster":0.5},"rarity":"uncommon","tags_hint":["general"]},"coconfidence":{"pos":"noun","themes":["general"],"elements":["air"],"related":["aperture","sough","step","loop","surge","root","sigh","glimmer","spoke"],"weights":{"sprite":0.5,"monster":0.5},"rarity":"rare","tags_hint":["general"]},"cocontentment":{"pos":"noun","themes":["general"],"elements":["air"],"related":["tide","prism","wisp","drift","spoke","tremor","sigh","ember","hum"],"weights":{"sprite":0.5,"monster":0.5},"rarity":"epic","tags_hint":["general"]},"code":{"pos":"noun","themes":["general"],"elements":["air"],"related":["spiral","knot","gleam","ripple","hum","prism","pulse"],"weights":{"sprite":0.5,"monster":0.5},"rarity":"common","tags_hint":["general"]},"codecycle":{"pos":"noun","themes":["general"],"elements":["air"],"related":["wisp","veil","pulse","echo","crest","rift","trace"],"weights":{"sprite":0.5,"monster":0.5},"rarity":"uncommon","tags_hint":["general"]},"codeful":{"pos":"noun","themes":["general"],"elements":["air"],"related":["glimmer","flare","step","aperture","trace","cinder","wisp","bloom"],"weights":{"sprite":0.5,"monster":0.5},"rarity":"uncommon","tags_hint":["general"]},"codeloop":{"pos":"noun","themes":["general"],"elements":["air"],"related":["spiral","step","cinder","aperture","gleam","tremor","knot"],"weights":{"sprite":0.5,"monster":0.5},"rarity":"uncommon","tags_hint":["general"]},"codestate":{"pos":"noun","themes":["general"],"elements":["air"],"related":["gust","draft","pulse","sough","cinder","zephyr","wisp","ember"],"weights":{"sprite":0.5,"monster":0.5},"rarity":"uncommon","tags_hint":["general"]},"codiscipline":{"pos":"noun","themes":["habits"],"elements":["metal"],"related":["bloom","cinder","spiral","wisp","echo","pulse","surge"],"weights":{"sprite":0.5,"monster":0.5},"rarity":"rare","tags_hint":["habits"]},"cofuzz":{"pos":"noun","themes":["general"],"elements":["air"],"related":["veil","seed","cinder","ember","root","sough","surge"],"weights":{"sprite":0.5,"monster":0.5},"rarity":"uncommon","tags_hint":["general"]},"cogarden":{"pos":"noun","themes":["general"],"elements":["nature"],"related":["flare","crest","sigh","bloom","thorn","wisp","ember","haze","tremor"],"weights":{"sprite":0.5,"monster":0.5},"rarity":"uncommon","tags_hint":["general"]},"coguilt":{"pos":"noun","themes":["general"],"elements":["air"],"related":["step","aperture","ripple","cinder","pulse","sough","drift","groove","ray"],"weights":{"sprite":0.5,"monster":0.5},"rarity":"uncommon","tags_hint":["general"]},"cohope":{"pos":"noun","themes":["general"],"elements":["air"],"related":["hum","echo","whirl","surge","sough","trace","groove","pulse"],"weights":{"sprite":0.5,"monster":0.5},"rarity":"common","tags_hint":["general"]},"colisten":{"pos":"noun","themes":["general"],"elements":["air"],"related":["ember","step","flare","sough","trace","tremor"],"weights":{"sprite":0.5,"monster":0.5},"rarity":"uncommon","tags_hint":["general"]},"commute":{"pos":"noun","themes":["general"],"elements":["air"],"related":["sigh","groove","rift","spark","loop","gust","ember","prism"],"weights":{"sprite":0.5,"monster":0.5},"rarity":"uncommon","tags_hint":["general"]},"commuteing":{"pos":"verb","themes":["general"],"elements":["air"],"related":["veil","spoke","haze","cinder","draft","ember","zephyr","ray"],"weights":{"sprite":0.6,"monster":0.4},"rarity":"rare","tags_hint":["general"]},"commutemode":{"pos":"noun","themes":["general"],"elements":["air"],"related":["sigh","spiral","veil","wisp","rift","sough","gleam"],"weights":{"sprite":0.5,"monster":0.5},"rarity":"rare","tags_hint":["general"]},"confidence":{"pos":"noun","themes":["general"],"elements":["air"],"related":["flare","gust","veil","bloom","zephyr","glimmer","hum","seed"],"weights":{"sprite":0.5,"monster":0.5},"rarity":"rare","tags_hint":["general"]},"confidencement":{"pos":"noun","themes":["general"],"elements":["air"],"related":["trace","seed","loop","sough","tremor","crest","flare","step"],"weights":{"sprite":0.5,"monster":0.5},"rarity":"epic","tags_hint":["general"]},"confidencemode":{"pos":"noun","themes":["general"],"elements":["air"],"related":["tremor","tide","prism","loop","spiral","gleam","echo"],"weights":{"sprite":0.5,"monster":0.5},"rarity":"epic","tags_hint":["general"]},"confusion":{"pos":"noun","themes":["general"],"elements":["air"],"related":["sigh","gleam","whirl","root","glimmer","ripple"],"weights":{"sprite":0.5,"monster":0.5},"rarity":"uncommon","tags_hint":["general"]},"confusioncycle":{"pos":"noun","themes":["general"],"elements":["air"],"related":["ripple","spark","flare","drift","thorn","crest","spoke","gleam","ray","pulse"],"weights":{"sprite":0.5,"monster":0.5},"rarity":"epic","tags_hint":["general"]},"confusionful":{"pos":"noun","themes":["general"],"elements":["air"],"related":["sough","cinder","thorn","glimmer","gust","rift"],"weights":{"sprite":0.5,"monster":0.5},"rarity":"rare","tags_hint":["general"]},"confusionless":{"pos":"noun","themes":["general"],"elements":["air"],"related":["spiral","wisp","ray","spark","ember","sough"],"weights":{"sprite":0.5,"monster":0.5},"rarity":"epic","tags_hint":["general"]},"contentment":{"pos":"noun","themes":["general"],"elements":["air"],"related":["spark","gust","seed","flare","sough","zephyr","spiral","surge"],"weights":{"sprite":0.5,"monster":0.5},"rarity":"rare","tags_hint":["general"]},"contentmented":{"pos":"noun","themes":["general"],"elements":["air"],"related":["rift","ray","surge","root","spark","bloom","haze"],"weights":{"sprite":0.5,"monster":0.5},"rarity":"epic","tags_hint":["general"]},"contentmentless":{"pos":"noun","themes":["general"],"elements":["air"],"related":["sigh","spark","hum","echo","draft","ember","spiral"],"weights":{"sprite":0.5,"monster":0.5},"rarity":"epic","tags_hint":["general"]},"contentmentmode":{"pos":"noun","themes":["general"],"elements":["air"],"related":["seed","drift","rift","thorn","spark","flare","spiral"],"weights":{"sprite":0.5,"monster":0.5},"rarity":"epic","tags_hint":["general"]},"cook":{"pos":"noun","themes":["general"],"elements":["air"],"related":["step","surge","knot","echo","ember","aperture"],"weights":{"sprite":0.5,"monster":0.5},"rarity":"common","tags_hint":["general"]},"cookcycle":{"pos":"noun","themes":["general"],"elements":["air"],"related":["zephyr","bloom","tide","prism","root","haze","ripple","spoke"],"weights":{"sprite":0.5,"monster":0.5},"rarity":"uncommon","tags_hint":["general"]},"copeace":{"pos":"noun","themes":["general"],"elements":["air"],"related":["ripple","drift","gleam","spoke","tremor","ember","flare","pulse","ray","echo"],"weights":{"sprite":0.5,"monster":0.5},"rarity":"uncommon","tags_hint":["general"]},"coplateau":{"pos":"noun","themes":["general"],"elements":["air"],"related":["trace","aperture","loop","veil","seed","gleam","thorn","ember"],"weights":{"sprite":0.5,"monster":0.5},"rarity":"uncommon","tags_hint":["general"]},"copractice":{"pos":"noun","themes":["general"],"elements":["air"],"related":["thorn","flare","spark","whirl","draft","crest","ember","surge","aperture"],"weights":{"sprite":0.5,"monster":0.5},"rarity":"rare","tags_hint":["general"]},"coresentment":{"pos":"noun","themes":["general"],"elements":["air"],"related":["zephyr","gust","wisp","drift","groove","veil","haze"],"weights":{"sprite":0.5,"monster":0.5},"rarity":"rare","tags_hint":["general"]},"coresolve":{"pos":"noun","themes":["general"],"elements":["metal"],"related":["spoke","crest","step","seed","echo","tremor","gust","root"],"weights":{"sprite":0.5,"monster":0.5},"rarity":"uncommon","tags_hint":["general"]},"coroutine":{"pos":"noun","themes":["habits"],"elements":["metal"],"related":["cinder","thorn","haze","spiral","hum","knot","prism","trace","step"],"weights":{"sprite":0.5,"monster":0.5},"rarity":"uncommon","tags_hint":["habits"]},"coshiver":{"pos":"noun","themes":["general"],"elements":["air"],"related":["knot","hum","thorn","haze","sough","drift","gleam","rift","step"],"weights":{"sprite":0.5,"monster":0.5},"rarity":"uncommon","tags_hint":["general"]},"cosigh":{"pos":"noun","themes":["general"],"elements":["air"],"related":["hum","zephyr","prism","root","gleam","echo","drift","groove"],"weights":{"sprite":0.5,"monster":0.5},"rarity":"uncommon","tags_hint":["general"]},"cospeak":{"pos":"noun","themes":["general"],"elements":["air"],"related":["groove","echo","root","wisp","prism","crest","tide","ripple","draft"],"weights":{"sprite":0.5,"monster":0.5},"rarity":"uncommon","tags_hint":["general"]},"costumble":{"pos":"noun","themes":["general"],"elements":["air"],"related":["veil","ember","loop","cinder","rift","groove","bloom"],"weights":{"sprite":0.5,"monster":0.5},"rarity":"uncommon","tags_hint":["general"]},"courage":{"pos":"noun","themes":["general"],"elements":["fire"],"related":["cinder","gust","spiral","root","ash","veil","bloom","char","seed"],"weights":{"sprite":0.35,"monster":0.65},"rarity":"uncommon","tags_hint":["general"]},"couragecycle":{"pos":"noun","themes":["general"],"elements":["fire"],"related":["ripple","ray","gleam","crest","prism","bloom","aperture","drift","wisp","veil"],"weights":{"sprite":0.35,"monster":0.65},"rarity":"rare","tags_hint":["general"]},"courageful":{"pos":"noun","themes":["general"],"elements":["fire"],"related":["haze","knot","ember","glimmer","veil","ash","surge","pulse"],"weights":{"sprite":0.35,"monster":0.65},"rarity":"rare","tags_hint":["general"]},"courageness":{"pos":"noun","themes":["general"],"elements":["fire"],"related":["gleam","ash","pulse","flare","loop","wisp","trace"],"weights":{"sprite":0.35,"monster":0.65},"rarity":"rare","tags_hint":["general"]},"courageship":{"pos":"noun","themes":["general"],"elements":["fire"],"related":["tremor","ash","step","root","haze","veil","trace"],"weights":{"sprite":0.35,"monster":0.65},"rarity":"rare","tags_hint":["general"]},"cowalk":{"pos":"noun","themes":["wellbeing"],"elements":["air"],"related":["wisp","aperture","knot","groove","rift","zephyr","ray","spiral","prism"],"weights":{"sprite":0.5,"monster":0.5},"rarity":"uncommon","tags_hint":["wellbeing"]},"cramp":{"pos":"noun","themes":["general"],"elements":["air"],"related":["drift","flare","gust","root","knot","hum","veil"],"weights":{"sprite":0.5,"monster":0.5},"rarity":"uncommon","tags_hint":["general"]},"crampmode":{"pos":"noun","themes":["general"],"elements":["air"],"related":["glimmer","draft","gust","ray","tide","bloom","haze"],"weights":{"sprite":0.5,"monster":0.5},"rarity":"uncommon","tags_hint":["general"]},"crampstate":{"pos":"noun","themes":["general"],"elements":["air"],"related":["ripple","seed","echo","spoke","veil","crest","knot"],"weights":{"sprite":0.5,"monster":0.5},"rarity":"rare","tags_hint":["general"]},"create":{"pos":"noun","themes":["general"],"elements":["air"],"related":["flare","pulse","wisp","tremor","hum","trace","groove"],"weights":{"sprite":0.5,"monster":0.5},"rarity":"common","tags_hint":["general"]},"createless":{"pos":"noun","themes":["general"],"elements":["air"],"related":["whirl","surge","spiral","flare","trace","ember","haze"],"weights":{"sprite":0.5,"monster":0.5},"rarity":"rare","tags_hint":["general"]},"createness":{"pos":"noun","themes":["general"],"elements":["air"],"related":["trace","spark","cinder","sigh","tide","surge","knot","drift","prism","ember"],"weights":{"sprite":0.5,"monster":0.5},"rarity":"rare","tags_hint":["general"]},"createphase":{"pos":"noun","themes":["general"],"elements":["air"],"related":["tide","wisp","spark","ripple","pulse","ray"],"weights":{"sprite":0.5,"monster":0.5},"rarity":"rare","tags_hint":["general"]},"crossafternoon":{"pos":"noun","themes":["general"],"elements":["air"],"related":["sigh","wisp","loop","root","ripple","hum","groove","spoke"],"weights":{"sprite":0.5,"monster":0.5},"rarity":"epic","tags_hint":["general"]},"crossbreathe":{"pos":"noun","themes":["wellbeing"],"elements":["air"],"related":["trace","ripple","loop","surge","rift","zephyr","crest","hum"],"weights":{"sprite":0.5,"monster":0.5},"rarity":"rare","tags_hint":["wellbeing"]},"crosscall":{"pos":"noun","themes":["general"],"elements":["air"],"related":["knot","hum","seed","spoke","wisp","haze","bloom","rift","tremor"],"weights":{"sprite":0.5,"monster":0.5},"rarity":"rare","tags_hint":["general"]},"crosscode":{"pos":"noun","themes":["general"],"elements":["air"],"related":["tide","gust","aperture","cinder","trace","echo"],"weights":{"sprite":0.5,"monster":0.5},"rarity":"uncommon","tags_hint":["general"]},"crosscommute":{"pos":"noun","themes":["general"],"elements":["air"],"related":["haze","tide","glimmer","rift","tremor","sigh","pulse"],"weights":{"sprite":0.5,"monster":0.5},"rarity":"rare","tags_hint":["general"]},"crossdizzy":{"pos":"noun","themes":["general"],"elements":["air"],"related":["root","ember","crest","echo","bloom","zephyr","seed","trace"],"weights":{"sprite":0.5,"monster":0.5},"rarity":"rare","tags_hint":["general"]},"crosseffort":{"pos":"noun","themes":["general"],"elements":["air"],"related":["zephyr","trace","cinder","wisp","tide","draft","crest"],"weights":{"sprite":0.5,"monster":0.5},"rarity":"rare","tags_hint":["general"]},"crossemail":{"pos":"noun","themes":["general"],"elements":["air"],"related":["zephyr","loop","hum","flare","cinder","spark","gleam","drift"],"weights":{"sprite":0.5,"monster":0.5},"rarity":"rare","tags_hint":["general"]},"crossfatigue":{"pos":"noun","themes":["sleep"],"elements":["air"],"related":["spoke","draft","thorn","ember","glimmer","groove","echo","wisp","bloom","tremor"],"weights":{"sprite":0.5,"monster":0.5},"rarity":"rare","tags_hint":["sleep"]},"crossfear":{"pos":"noun","themes":["anxiety"],"elements":["shadow"],"related":["ember","prism","tide","aperture","knot","spiral","surge","root"],"weights":{"sprite":0.35,"monster":0.65},"rarity":"uncommon","tags_hint":["anxiety"]},"crossglare":{"pos":"noun","themes":["general"],"elements":["air"],"related":["ember","haze","crest","root","thorn","step","hum"],"weights":{"sprite":0.5,"monster":0.5},"rarity":"rare","tags_hint":["general"]},"crossglow":{"pos":"noun","themes":["general"],"elements":["light"],"related":["beam","spiral","ripple","echo","gleam","veil","thorn"],"weights":{"sprite":0.5,"monster":0.5},"rarity":"rare","tags_hint":["general"]},"crossgrowth":{"pos":"noun","themes":["general"],"elements":["nature"],"related":["seed","whirl","step","bloom","hum","veil","sigh","glimmer"],"weights":{"sprite":0.5,"monster":0.5},"rarity":"rare","tags_hint":["general"]},"crossmemory":{"pos":"noun","themes":["general"],"elements":["air"],"related":["knot","glimmer","hum","zephyr","ray","spoke","draft","surge"],"weights":{"sprite":0.5,"monster":0.5},"rarity":"rare","tags_hint":["general"]},"crossoffice":{"pos":"noun","themes":["general"],"elements":["air"],"related":["step","ember","flare","gleam","trace","spoke","bloom"],"weights":{"sprite":0.5,"monster":0.5},"rarity":"rare","tags_hint":["general"]},"crosspanic":{"pos":"noun","themes":["anxiety"],"elements":["air"],"related":["ripple","prism","tide","spark","gust","groove","gleam"],"weights":{"sprite":0.35,"monster":0.65},"rarity":"rare","tags_hint":["anxiety"]},"crosspattern":{"pos":"noun","themes":["general"],"elements":["air"],"related":["aperture","thorn","ripple","bloom","surge","root","sigh","haze"],"weights":{"sprite":0.5,"monster":0.5},"rarity":"rare","tags_hint":["general"]},"crosspeace":{"pos":"noun","themes":["general"],"elements":["air"],"related":["sough","tremor","flare","thorn","seed","groove","hum"],"weights":{"sprite":0.5,"monster":0.5},"rarity":"rare","tags_hint":["general"]},"crossplan":{"pos":"noun","themes":["habits"],"elements":["metal"],"related":["thorn","pulse","knot","tide","step","prism","flare","tremor","veil"],"weights":{"sprite":0.5,"monster":0.5},"rarity":"rare","tags_hint":["habits"]},"crosspractice":{"pos":"noun","themes":["general"],"elements":["air"],"related":["zephyr","drift","ray","echo","glimmer","step","knot","surge"],"weights":{"sprite":0.5,"monster":0.5},"rarity":"epic","tags_hint":["general"]},"crossprioritize":{"pos":"noun","themes":["habits"],"elements":["air"],"related":["pulse","flare","gust","aperture","surge","wisp","thorn"],"weights":{"sprite":0.5,"monster":0.5},"rarity":"epic","tags_hint":["habits"]},"crossprogress":{"pos":"noun","themes":["general"],"elements":["air"],"related":["pulse","cinder","spiral","sough","spoke","rift","aperture"],"weights":{"sprite":0.5,"monster":0.5},"rarity":"epic","tags_hint":["general"]},"crossrelief":{"pos":"noun","themes":["general"],"elements":["air"],"related":["trace","rift","ember","crest","loop","flare","hum"],"weights":{"sprite":0.6,"monster":0.4},"rarity":"rare","tags_hint":["general"]},"crossrest":{"pos":"noun","themes":["sleep"],"elements":["air"],"related":["loop","echo","groove","drift","sough","spiral","prism","glimmer","tide"],"weights":{"sprite":0.5,"monster":0.5},"rarity":"rare","tags_hint":["sleep"]},"crossritual":{"pos":"noun","themes":["general"],"elements":["air"],"related":["echo","wisp","bloom","step","spark","seed","prism","trace","draft"],"weights":{"sprite":0.5,"monster":0.5},"rarity":"rare","tags_hint":["general"]},"crossschedule":{"pos":"noun","themes":["habits"],"elements":["air"],"related":["aperture","spiral","tremor","crest","step","seed"],"weights":{"sprite":0.5,"monster":0.5},"rarity":"epic","tags_hint":["habits"]},"crosssigh":{"pos":"noun","themes":["general"],"elements":["air"],"related":["draft","tremor","cinder","root","veil","echo"],"weights":{"sprite":0.5,"monster":0.5},"rarity":"rare","tags_hint":["general"]},"crosssignal":{"pos":"noun","themes":["general"],"elements":["air"],"related":["step","tremor","aperture","bloom","rift","crest","groove","spoke"],"weights":{"sprite":0.5,"monster":0.5},"rarity":"rare","tags_hint":["general"]},"crossspin":{"pos":"noun","themes":["general"],"elements":["air"],"related":["zephyr","knot","seed","ember","trace","gleam","wisp","draft","groove"],"weights":{"sprite":0.5,"monster":0.5},"rarity":"rare","tags_hint":["general"]},"crosssurprise":{"pos":"noun","themes":["general"],"elements":["air"],"related":["spark","knot","ember","trace","sigh","aperture","groove","gleam"],"weights":{"sprite":0.5,"monster":0.5},"rarity":"epic","tags_hint":["general"]},"crossteam":{"pos":"noun","themes":["social"],"elements":["air"],"related":["ripple","knot","prism","glimmer","bloom","step","sough","ray"],"weights":{"sprite":0.5,"monster":0.5},"rarity":"uncommon","tags_hint":["social"]},"crossthreshold":{"pos":"noun","themes":["general"],"elements":["air"],"related":["hum","veil","haze","gleam","prism","rift","spiral"],"weights":{"sprite":0.5,"monster":0.5},"rarity":"epic","tags_hint":["general"]},"crosswake":{"pos":"noun","themes":["sleep"],"elements":["air"],"related":["echo","flare","prism","trace","tremor","hum","veil","wisp","pulse"],"weights":{"sprite":0.5,"monster":0.5},"rarity":"uncommon","tags_hint":["sleep"]},"crosswalk":{"pos":"noun","themes":["wellbeing"],"elements":["air"],"related":["tide","tremor","step","ray","spoke","knot","gust","aperture"],"weights":{"sprite":0.5,"monster":0.5},"rarity":"rare","tags_hint":["wellbeing"]},"crosswork":{"pos":"noun","themes":["general"],"elements":["air"],"related":["bloom","sigh","prism","thorn","knot","veil","ripple","seed"],"weights":{"sprite":0.5,"monster":0.5},"rarity":"rare","tags_hint":["general"]},"cue":{"pos":"noun","themes":["general"],"elements":["air"],"related":["trace","ray","pulse","draft","hum","drift","sigh"],"weights":{"sprite":0.5,"monster":0.5},"rarity":"common","tags_hint":["general"]},"cuemode":{"pos":"noun","themes":["general"],"elements":["air"],"related":["drift","spiral","aperture","draft","echo","rift","tide"],"weights":{"sprite":0.5,"monster":0.5},"rarity":"uncommon","tags_hint":["general"]},"cuephase":{"pos":"noun","themes":["general"],"elements":["air"],"related":["surge","draft","echo","rift","loop","spark"],"weights":{"sprite":0.5,"monster":0.5},"rarity":"uncommon","tags_hint":["general"]},"curiosity":{"pos":"noun","themes":["general"],"elements":["air"],"related":["spark","groove","draft","gleam","glimmer","trace","thorn","sigh"],"weights":{"sprite":0.5,"monster":0.5},"rarity":"uncommon","tags_hint":["general"]},"curiositycycle":{"pos":"noun","themes":["general"],"elements":["air"],"related":["gust","loop","aperture","surge","prism","sigh","sough"],"weights":{"sprite":0.5,"monster":0.5},"rarity":"epic","tags_hint":["general"]},"curiosityful":{"pos":"noun","themes":["general"],"elements":["air"],"related":["spiral","wisp","cinder","loop","veil","flare"],"weights":{"sprite":0.5,"monster":0.5},"rarity":"rare","tags_hint":["general"]},"curiosityloop":{"pos":"noun","themes":["general"],"elements":["air"],"related":["veil","tremor","draft","flare","drift","ember"],"weights":{"sprite":0.5,"monster":0.5},"rarity":"epic","tags_hint":["general"]},"curiosityphase":{"pos":"noun","themes":["general"],"elements":["air"],"related":["prism","trace","gust","hum","sigh","draft","ray","surge"],"weights":{"sprite":0.5,"monster":0.5},"rarity":"epic","tags_hint":["general"]},"cycle":{"pos":"noun","themes":["general"],"elements":["air"],"related":["trace","haze","cinder","zephyr","step","bloom","root"],"weights":{"sprite":0.5,"monster":0.5},"rarity":"uncommon","tags_hint":["general"]},"cycleed":{"pos":"noun","themes":["general"],"elements":["air"],"related":["aperture","haze","hum","spiral","draft","groove","spark","loop"],"weights":{"sprite":0.5,"monster":0.5},"rarity":"uncommon","tags_hint":["general"]},"cycleing":{"pos":"verb","themes":["general"],"elements":["air"],"related":["sigh","draft","cinder","loop","haze","gust","ember"],"weights":{"sprite":0.6,"monster":0.4},"rarity":"uncommon","tags_hint":["general"]},"cyclestate":{"pos":"noun","themes":["general"],"elements":["air"],"related":["draft","ripple","prism","sough","thorn","rift","crest","wisp"],"weights":{"sprite":0.5,"monster":0.5},"rarity":"rare","tags_hint":["general"]}}