{"echo":{"pos":"noun","themes":["general"],"elements":["metal"],"related":["hum","tide","whirl","spark","prism","drift","pulse"],"weights":{"sprite":0.5,"monster":0.5},"rarity":"common","tags_hint":["general"]},"echoed":{"pos":"noun","themes":["general"],"elements":["metal"],"related":["aperture","glimmer","crest","spoke","echo","drift","ray","haze"],"weights":{"sprite":0.5,"monster":0.5},"rarity":"common","tags_hint":["general"]},"echoful":{"pos":"noun","themes":["general"],"elements":["metal"],"related":["tremor","spark","glimmer","ray","ember","step","spiral"],"weights":{"sprite":0.5,"monster":0.5},"rarity":"uncommon","tags_hint":["general"]},"effort":{"pos":"noun","themes":["general"],"elements":["metal"],"related":["crest","pulse","cinder","root","sigh","tide","surge","step","haze"],"weights":{"sprite":0.5,"monster":0.5},"rarity":"uncommon","tags_hint":["general"]},"effortless":{"pos":"noun","themes":["general"],"elements":["metal"],"related":["sigh","rift","loop","spiral","tide","ember","spark"],"weights":{"sprite":0.5,"monster":0.5},"rarity":"rare","tags_hint":["general"]},"effortness":{"pos":"noun","themes":["general"],"elements":["metal"],"related":["echo","glimmer","ray","loop","root","seed","tremor"],"weights":{"sprite":0.5,"monster":0.5},"rarity":"rare","tags_hint":["general"]},"effortphase":{"pos":"noun","themes":["general"],"elements":["metal"],"related":["hum","wisp","ember","veil","step","bloom"],"weights":{"sprite":0.5,"monster":0.5},"rarity":"rare","tags_hint":["general"]},"effortship":{"pos":"noun","themes":["general"],"elements":["metal"],"related":["groove","surge","trace","step","thorn","echo","seed"],"weights":{"sprite":0.5,"monster":0.5},"rarity":"rare","tags_hint":["general"]},"email":{"pos":"noun","themes":["general"],"elements":["metal"],"related":["tremor","spark","gust","bloom","flare","ripple","trace","tide","ray","rift"],"weights":{"sprite":0.5,"monster":0.5},"rarity":"common","tags_hint":["general"]},"embarrassment":{"pos":"noun","themes":["general"],"elements":["metal"],"related":["veil","glimmer","knot","hum","spiral","ray","cinder","step"],"weights":{"sprite":0.5,"monster":0.5},"rarity":"epic","tags_hint":["general"]},"envy":{"pos":"noun","themes":["general"],"elements":["metal"],"related":["step","spiral","thorn","gust","aperture","ember","loop","sigh"],"weights":{"sprite":0.5,"monster":0.5},"rarity":"common","tags_hint":["general"]},"envycycle":{"pos":"noun","themes":["general"],"elements":["metal"],"related":["step","ray","glimmer","hum","veil","groove"],"weights":{"sprite":0.5,"monster":0.5},"rarity":"rare","tags_hint":["general"]},"envyful":{"pos":"noun","themes":["general"],"elements":["metal"],"related":["thorn","hum","flare","step","rift","ripple","crest"],"weights":{"sprite":0.5,"monster":0.5},"rarity":"uncommon","tags_hint":["general"]},"envyment":{"pos":"noun","themes":["general"],"elements":["metal"],"related":["crest","tide","wisp","aperture","flare","thorn","root","haze","gleam"],"weights":{"sprite":0.5,"monster":0.5},"rarity":"uncommon","tags_hint":["general"]},"evening":{"pos":"verb","themes":["general"],"elements":["metal"],"related":["ember","echo","thorn","crest","surge","flare","pulse","cinder","root"],"weights":{"sprite":0.6,"monster":0.4},"rarity":"uncommon","tags_hint":["general"]},"eveningful":{"pos":"noun","themes":["general"],"elements":["metal"],"related":["knot","spoke","seed","spiral","root","cinder","rift"],"weights":{"sprite":0.5,"monster":0.5},"rarity":"rare","tags_hint":["general"]},"eveningmode":{"pos":"noun","themes":["general"],"elements":["metal"],"related":["haze","cinder","loop","trace","root","gleam","prism","thorn"],"weights":{"sprite":0.5,"monster":0.5},"rarity":"rare","tags_hint":["general"]},"excitement":{"pos":"noun","themes":["general"],"elements":["metal"],"related":["haze","glimmer","ray","rift","flare","cinder"],"weights":{"sprite":0.5,"monster":0.5},"rarity":"rare","tags_hint":["general"]},"excitementing":{"pos":"verb","themes":["general"],"elements":["metal"],"related":["tremor","spoke","glimmer","haze","veil","whirl","groove"],"weights":{"sprite":0.6,"monster":0.4},"rarity":"epic","tags_hint":["general"]},"excitementloop":{"pos":"noun","themes":["general"],"elements":["metal"],"related":["sigh","prism","tide","loop","glimmer","step","spark","hum"],"weights":{"sprite":0.5,"monster":0.5},"rarity":"epic","tags_hint":["general"]},"excitementment":{"pos":"noun","themes":["general"],"elements":["metal"],"related":["cinder","veil","gust","seed","sigh","wisp","pulse","gleam"],"weights":{"sprite":0.5,"monster":0.5},"rarity":"epic","tags_hint":["general"]},"excitementship":{"pos":"noun","themes":["general"],"elements":["metal"],"related":["seed","root","tremor","glimmer","ember","spoke","trace"],"weights":{"sprite":0.5,"monster":0.5},"rarity":"epic","tags_hint":["general"]},"exposure":{"pos":"noun","themes":["general"],"elements":["metal"],"related":["surge","wisp","echo","drift","aperture","whirl","tremor","spiral","spark"],"weights":{"sprite":0.5,"monster":0.5},"rarity":"uncommon","tags_hint":["general"]},"exposureless":{"pos":"noun","themes":["general"],"elements":["metal"],"related":["root","spiral","whirl","spark","step","sigh","crest","veil"],"weights":{"sprite":0.5,"monster":0.5},"rarity":"rare","tags_hint":["general"]}}