{"meditate":{"pos":"noun","themes":["general"],"elements":["shadow"],"related":["crest","sable","ray","cinder","sigh","spoke","groove","flare","drift"],"weights":{"sprite":0.5,"monster":0.5},"rarity":"uncommon","tags_hint":["general"]},"meditateful":{"pos":"noun","themes":["general"],"elements":["shadow"],"related":["groove","step","spark","prism","whirl","gust","flare"],"weights":{"sprite":0.5,"monster":0.5},"rarity":"rare","tags_hint":["general"]},"meditatemode":{"pos":"noun","themes":["general"],"elements":["shadow"],"related":["ray","bloom","pulse","prism","thorn","spark","trace"],"weights":{"sprite":0.5,"monster":0.5},"rarity":"rare","tags_hint":["general"]},"meeting":{"pos":"verb","themes":["social"],"elements":["metal"],"related":["prism","thorn","root","hum","loop","echo","haze","pulse","crest"],"weights":{"sprite":0.6,"monster":0.4},"rarity":"uncommon","tags_hint":["social"]},"meetinged":{"pos":"noun","themes":["social"],"elements":["metal"],"related":["sigh","bloom","thorn","gust","ripple","hum","flare","tide"],"weights":{"sprite":0.5,"monster":0.5},"rarity":"uncommon","tags_hint":["social"]},"melancholy":{"pos":"noun","themes":["general"],"elements":["shadow"],"related":["crest","wisp","sable","ray","ember","bloom","seed"],"weights":{"sprite":0.5,"monster":0.5},"rarity":"rare","tags_hint":["general"]},"memory":{"pos":"noun","themes":["general"],"elements":["shadow"],"related":["step","surge","haze","pulse","glimmer","ripple"],"weights":{"sprite":0.5,"monster":0.5},"rarity":"uncommon","tags_hint":["general"]},"message":{"pos":"noun","themes":["general"],"elements":["shadow"],"related":["sigh","crest","step","ray","hum","veil","tremor","ripple"],"weights":{"sprite":0.5,"monster":0.5},"rarity":"uncommon","tags_hint":["general"]},"microanxiety":{"pos":"noun","themes":["anxiety"],"elements":["shadow"],"related":["ray","spark","root","sable","rift","mire","gust","echo","shade"],"weights":{"sprite":0.5,"monster":0.5},"rarity":"rare","tags_hint":["anxiety"]},"microattention":{"pos":"noun","themes":["general"],"elements":["shadow"],"related":["spoke","hum","aperture","pulse","flare","cinder","trace","drift","surge","knot"],"weights":{"sprite":0.5,"monster":0.5},"rarity":"epic","tags_hint":["general"]},"microbalance":{"pos":"noun","themes":["general"],"elements":["shadow"],"related":["whirl","mire","spiral","gust","tide","pulse"],"weights":{"sprite":0.5,"monster":0.5},"rarity":"rare","tags_hint":["general"]},"microbreak":{"pos":"noun","themes":["general"],"elements":["shadow"],"related":["veil","ripple","tide","rift","pulse","whirl"],"weights":{"sprite":0.5,"monster":0.5},"rarity":"rare","tags_hint":["general"]},"microbreath":{"pos":"noun","themes":["wellbeing"],"elements":["air"],"related":["echo","wisp","tide","thorn","ripple","rift","tremor","seed"],"weights":{"sprite":0.5,"monster":0.5},"rarity":"rare","tags_hint":["wellbeing"]},"microclinic":{"pos":"noun","themes":["general"],"elements":["shadow"],"related":["ray","hum","trace","glimmer","drift","seed","ripple","knot"],"weights":{"sprite":0.5,"monster":0.5},"rarity":"rare","tags_hint":["general"]},"microcourage":{"pos":"noun","themes":["general"],"elements":["fire"],"related":["step","ember","flare","sigh","ash","spoke","smoke"],"weights":{"sprite":0.35,"monster":0.65},"rarity":"rare","tags_hint":["general"]},"microcreate":{"pos":"noun","themes":["general"],"elements":["shadow"],"related":["veil","dusk","drift","shade","surge","rift"],"weights":{"sprite":0.5,"monster":0.5},"rarity":"rare","tags_hint":["general"]},"microdread":{"pos":"noun","themes":["general"],"elements":["shadow"],"related":["prism","flare","hum","tremor","spoke","drift"],"weights":{"sprite":0.35,"monster":0.65},"rarity":"rare","tags_hint":["general"]},"microfear":{"pos":"noun","themes":["anxiety"],"elements":["shadow"],"related":["mire","seed","bloom","step","spoke","ripple","prism"],"weights":{"sprite":0.35,"monster":0.65},"rarity":"uncommon","tags_hint":["anxiety"]},"microfrustration":{"pos":"noun","themes":["general"],"elements":["shadow"],"related":["glimmer","aperture","ember","step","ripple","prism","spark"],"weights":{"sprite":0.5,"monster":0.5},"rarity":"epic","tags_hint":["general"]},"microfuzz":{"pos":"noun","themes":["general"],"elements":["shadow"],"related":["glimmer","knot","tide","echo","haze","veil","sigh","aperture"],"weights":{"sprite":0.5,"monster":0.5},"rarity":"uncommon","tags_hint":["general"]},"microglare":{"pos":"noun","themes":["general"],"elements":["shadow"],"related":["veil","prism","spark","drift","cinder","spiral","pulse"],"weights":{"sprite":0.5,"monster":0.5},"rarity":"rare","tags_hint":["general"]},"microgoal":{"pos":"noun","themes":["habits"],"elements":["shadow"],"related":["glimmer","rift","step","groove","flare","wisp"],"weights":{"sprite":0.5,"monster":0.5},"rarity":"uncommon","tags_hint":["habits"]},"microgrowth":{"pos":"noun","themes":["general"],"elements":["nature"],"related":["gust","spiral","seed","whirl","wisp","knot","trace","ray"],"weights":{"sprite":0.5,"monster":0.5},"rarity":"rare","tags_hint":["general"]},"microguilt":{"pos":"noun","themes":["general"],"elements":["shadow"],"related":["spoke","glimmer","loop","rift","spark","surge","wisp"],"weights":{"sprite":0.5,"monster":0.5},"rarity":"rare","tags_hint":["general"]},"microhum":{"pos":"noun","themes":["general"],"elements":["shadow"],"related":["pulse","glimmer","cinder","trace","spark","root","haze"],"weights":{"sprite":0.5,"monster":0.5},"rarity":"uncommon","tags_hint":["general"]},"microlearn":{"pos":"noun","themes":["general"],"elements":["shadow"],"related":["aperture","prism","rift","echo","seed","tide","surge"],"weights":{"sprite":0.5,"monster":0.5},"rarity":"rare","tags_hint":["general"]},"micromessage":{"pos":"noun","themes":["general"],"elements":["shadow"],"related":["shade","root","sable","knot","dusk","rift","trace"],"weights":{"sprite":0.5,"monster":0.5},"rarity":"rare","tags_hint":["general"]},"microoverwhelm":{"pos":"noun","themes":["anxiety"],"elements":["shadow"],"related":["step","bloom","seed","gleam","trace","ember","crest","aperture"],"weights":{"sprite":0.5,"monster":0.5},"rarity":"epic","tags_hint":["anxiety"]},"micropause":{"pos":"noun","themes":["general"],"elements":["shadow"],"related":["drift","spark","trace","shade","thorn","dusk","prism"],"weights":{"sprite":0.5,"monster":0.5},"rarity":"rare","tags_hint":["general"]},"micropractice":{"pos":"noun","themes":["general"],"elements":["shadow"],"related":["surge","tremor","ray","tide","step","gleam","whirl","haze","bloom"],"weights":{"sprite":0.5,"monster":0.5},"rarity":"epic","tags_hint":["general"]},"microread":{"pos":"noun","themes":["general"],"elements":["shadow"],"related":["surge","rift","sable","ember","tremor","spiral"],"weights":{"sprite":0.5,"monster":0.5},"rarity":"uncommon","tags_hint":["general"]},"microrest":{"pos":"noun","themes":["sleep"],"elements":["shadow"],"related":["sigh","glimmer","spoke","groove","mire","hum","echo","tremor"],"weights":{"sprite":0.5,"monster":0.5},"rarity":"uncommon","tags_hint":["sleep"]},"microreward":{"pos":"noun","themes":["general"],"elements":["shadow"],"related":["tremor","spoke","veil","thorn","echo","spiral","ray","dusk","tide"],"weights":{"sprite":0.5,"monster":0.5},"rarity":"rare","tags_hint":["general"]},"microritual":{"pos":"noun","themes":["general"],"elements":["shadow"],"related":["wisp","root","gust","trace","loop","gleam","shade"],"weights":{"sprite":0.5,"monster":0.5},"rarity":"rare","tags_hint":["general"]},"microschool":{"pos":"noun","themes":["general"],"elements":["shadow"],"related":["prism","trace","gleam","crest","tide","ray","flare"],"weights":{"sprite":0.5,"monster":0.5},"rarity":"rare","tags_hint":["general"]},"microsetback":{"pos":"noun","themes":["general"],"elements":["shadow"],"related":["spark","tremor","seed","mire","crest","rift","thorn","dusk"],"weights":{"sprite":0.5,"monster":0.5},"rarity":"rare","tags_hint":["general"]},"microsigh":{"pos":"noun","themes":["general"],"elements":["air"],"related":["rift","trace","prism","seed","gust","veil"],"weights":{"sprite":0.5,"monster":0.5},"rarity":"uncommon","tags_hint":["general"]},"microstrain":{"pos":"noun","themes":["wellbeing"],"elements":["shadow"],"related":["pulse","ray","wisp","surge","rift","bloom","crest","gleam","echo"],"weights":{"sprite":0.5,"monster":0.5},"rarity":"rare","tags_hint":["wellbeing"]},"microsurprise":{"pos":"noun","themes":["general"],"elements":["shadow"],"related":["spark","haze","tide","mire","ember","flare","knot"],"weights":{"sprite":0.5,"monster":0.5},"rarity":"epic","tags_hint":["general"]},"microteam":{"pos":"noun","themes":["social"],"elements":["shadow"],"related":["cinder","glimmer","sable","tremor","gleam","shade","mire","veil"],"weights":{"sprite":0.5,"monster":0.5},"rarity":"uncommon","tags_hint":["social"]},"microtension":{"pos":"noun","themes":["general"],"elements":["shadow"],"related":["dusk","sable","ray","flare","pulse","wisp","prism","whirl"],"weights":{"sprite":0.5,"monster":0.5},"rarity":"rare","tags_hint":["general"]},"microtrain":{"pos":"noun","themes":["wellbeing"],"elements":["shadow"],"related":["ember","aperture","wisp","ripple","spark","gust","tide"],"weights":{"sprite":0.5,"monster":0.5},"rarity":"rare","tags_hint":["wellbeing"]},"migraine":{"pos":"noun","themes":["general"],"elements":["shadow"],"related":["aperture","ripple","flare","mire","haze","step","prism"],"weights":{"sprite":0.5,"monster":0.5},"rarity":"uncommon","tags_hint":["general"]},"migrainecycle":{"pos":"noun","themes":["general"],"elements":["shadow"],"related":["root","step","tremor","drift","crest","sigh","gleam","veil","surge"],"weights":{"sprite":0.5,"monster":0.5},"rarity":"epic","tags_hint":["general"]},"migraineship":{"pos":"noun","themes":["general"],"elements":["shadow"],"related":["seed","loop","shade","whirl","wisp","crest"],"weights":{"sprite":0.5,"monster":0.5},"rarity":"rare","tags_hint":["general"]},"morning":{"pos":"verb","themes":["sleep"],"elements":["shadow"],"related":["sable","wisp","seed","step","ripple","spoke"],"weights":{"sprite":0.6,"monster":0.4},"rarity":"uncommon","tags_hint":["sleep"]},"morningless":{"pos":"noun","themes":["sleep"],"elements":["shadow"],"related":["spoke","dusk","ember","flare","bloom","glimmer","thorn","mire","spiral"],"weights":{"sprite":0.5,"monster":0.5},"rarity":"rare","tags_hint":["sleep"]},"morningloop":{"pos":"noun","themes":["sleep"],"elements":["shadow"],"related":["wisp","veil","trace","whirl","ripple","seed"],"weights":{"sprite":0.5,"monster":0.5},"rarity":"rare","tags_hint":["sleep"]},"morningphase":{"pos":"noun","themes":["sleep"],"elements":["shadow"],"related":["hum","sigh","ember","glimmer","spark","dusk","knot","mire"],"weights":{"sprite":0.5,"monster":0.5},"rarity":"rare","tags_hint":["sleep"]},"motivation":{"pos":"noun","themes":["general"],"elements":["shadow"],"related":["bloom","haze","gleam","echo","sable","prism","root"],"weights":{"sprite":0.5,"monster":0.5},"rarity":"rare","tags_hint":["general"]},"motivationed":{"pos":"noun","themes":["general"],"elements":["shadow"],"related":["veil","pulse","root","gust","shade","spoke","trace","step","crest","glimmer"],"weights":{"sprite":0.5,"monster":0.5},"rarity":"rare","tags_hint":["general"]},"motivationmode":{"pos":"noun","themes":["general"],"elements":["shadow"],"related":["bloom","ray","veil","drift","loop","sable","groove","surge"],"weights":{"sprite":0.5,"monster":0.5},"rarity":"epic","tags_hint":["general"]},"motivationphase":{"pos":"noun","themes":["general"],"elements":["shadow"],"related":["surge","ray","bloom","spark","echo","sable","wisp"],"weights":{"sprite":0.5,"monster":0.5},"rarity":"epic","tags_hint":["general"]},"move":{"pos":"noun","themes":["general"],"elements":["shadow"],"related":["mire","tide","ember","spiral","root","thorn","dusk","loop","flare"],"weights":{"sprite":0.5,"monster":0.5},"rarity":"common","tags_hint":["general"]},"movecycle":{"pos":"noun","themes":["general"],"elements":["shadow"],"related":["aperture","echo","spoke","seed","veil","groove","loop"],"weights":{"sprite":0.5,"monster":0.5},"rarity":"uncommon","tags_hint":["general"]}}