{"panic":{"pos":"noun","themes":["anxiety"],"elements":["air"],"related":["rift","surge","glimmer","ripple","gust","crest"],"weights":{"sprite":0.35,"monster":0.65},"rarity":"common","tags_hint":["anxiety"]},"park":{"pos":"noun","themes":["general"],"elements":["water"],"related":["step","cinder","surge","thorn","current","gust","veil"],"weights":{"sprite":0.5,"monster":0.5},"rarity":"common","tags_hint":["general"]},"parkcycle":{"pos":"noun","themes":["general"],"elements":["water"],"related":["knot","tremor","pulse","echo","groove","ray","surge"],"weights":{"sprite":0.5,"monster":0.5},"rarity":"rare","tags_hint":["general"]},"parked":{"pos":"noun","themes":["general"],"elements":["water"],"related":["gust","glimmer","spark","root","step","haze"],"weights":{"sprite":0.5,"monster":0.5},"rarity":"uncommon","tags_hint":["general"]},"parkless":{"pos":"noun","themes":["general"],"elements":["water"],"related":["seed","spoke","pulse","current","eddy","thorn","bloom","root"],"weights":{"sprite":0.5,"monster":0.5},"rarity":"uncommon","tags_hint":["general"]},"parkness":{"pos":"noun","themes":["general"],"elements":["water"],"related":["gust","aperture","drift","gleam","surge","flare","hum"],"weights":{"sprite":0.5,"monster":0.5},"rarity":"uncommon","tags_hint":["general"]},"patience":{"pos":"noun","themes":["general"],"elements":["water"],"related":["spiral","spark","seed","ripple","tide","haze","whirl","bloom","surge"],"weights":{"sprite":0.5,"monster":0.5},"rarity":"uncommon","tags_hint":["general"]},"patiencement":{"pos":"noun","themes":["general"],"elements":["water"],"related":["tide","current","echo","spray","bloom","trace"],"weights":{"sprite":0.5,"monster":0.5},"rarity":"rare","tags_hint":["general"]},"pattern":{"pos":"noun","themes":["general"],"elements":["water"],"related":["glimmer","trace","cinder","step","ray","spark","knot","spray"],"weights":{"sprite":0.5,"monster":0.5},"rarity":"uncommon","tags_hint":["general"]},"patterning":{"pos":"verb","themes":["general"],"elements":["water"],"related":["wisp","spray","haze","ripple","seed","gleam","veil","pulse"],"weights":{"sprite":0.6,"monster":0.4},"rarity":"rare","tags_hint":["general"]},"patternloop":{"pos":"noun","themes":["general"],"elements":["water"],"related":["aperture","tremor","loop","bloom","cinder","rift","sigh"],"weights":{"sprite":0.5,"monster":0.5},"rarity":"rare","tags_hint":["general"]},"patternmode":{"pos":"noun","themes":["general"],"elements":["water"],"related":["wisp","prism","whirl","knot","flare","sigh","ray"],"weights":{"sprite":0.5,"monster":0.5},"rarity":"rare","tags_hint":["general"]},"patternstate":{"pos":"noun","themes":["general"],"elements":["water"],"related":["drift","trace","spray","root","pulse","loop","ember"],"weights":{"sprite":0.5,"monster":0.5},"rarity":"rare","tags_hint":["general"]},"pause":{"pos":"noun","themes":["general"],"elements":["water"],"related":["spoke","glimmer","spark","loop","echo","wisp","gleam","knot"],"weights":{"sprite":0.5,"monster":0.5},"rarity":"common","tags_hint":["general"]},"pausecycle":{"pos":"noun","themes":["general"],"elements":["water"],"related":["echo","surge","bloom","root","veil","aperture","pulse","rift"],"weights":{"sprite":0.5,"monster":0.5},"rarity":"rare","tags_hint":["general"]},"pauseing":{"pos":"verb","themes":["general"],"elements":["water"],"related":["flare","loop","aperture","gust","seed","tide","hum","ember"],"weights":{"sprite":0.6,"monster":0.4},"rarity":"uncommon","tags_hint":["general"]},"pauseship":{"pos":"noun","themes":["general"],"elements":["water"],"related":["aperture","eddy","ripple","spoke","sigh","pulse","ember","haze"],"weights":{"sprite":0.5,"monster":0.5},"rarity":"uncommon","tags_hint":["general"]},"peace":{"pos":"noun","themes":["general"],"elements":["water"],"related":["ember","veil","groove","echo","current","step","surge"],"weights":{"sprite":0.5,"monster":0.5},"rarity":"common","tags_hint":["general"]},"peacestate":{"pos":"noun","themes":["general"],"elements":["water"],"related":["spark","seed","tremor","aperture","spoke","tide","whirl","hum","spray"],"weights":{"sprite":0.5,"monster":0.5},"rarity":"rare","tags_hint":["general"]},"persistence":{"pos":"noun","themes":["general"],"elements":["water"],"related":["drift","aperture","gust","glimmer","gleam","whirl","current"],"weights":{"sprite":0.5,"monster":0.5},"rarity":"rare","tags_hint":["general"]},"persistencement":{"pos":"noun","themes":["general"],"elements":["water"],"related":["glimmer","eddy","thorn","spiral","pulse","spoke","current"],"weights":{"sprite":0.5,"monster":0.5},"rarity":"epic","tags_hint":["general"]},"phone":{"pos":"noun","themes":["general"],"elements":["water"],"related":["spiral","current","bloom","step","drift","thorn","gust","root","rift"],"weights":{"sprite":0.5,"monster":0.5},"rarity":"common","tags_hint":["general"]},"phonecycle":{"pos":"noun","themes":["general"],"elements":["water"],"related":["veil","ripple","knot","current","step","whirl","spark","eddy","ember"],"weights":{"sprite":0.5,"monster":0.5},"rarity":"rare","tags_hint":["general"]},"phoneful":{"pos":"noun","themes":["general"],"elements":["water"],"related":["loop","root","current","brine","spoke","drift"],"weights":{"sprite":0.5,"monster":0.5},"rarity":"uncommon","tags_hint":["general"]},"phonephase":{"pos":"noun","themes":["general"],"elements":["water"],"related":["whirl","spray","pulse","spiral","wisp","root","rift","seed","ripple"],"weights":{"sprite":0.5,"monster":0.5},"rarity":"rare","tags_hint":["general"]},"phonestate":{"pos":"noun","themes":["general"],"elements":["water"],"related":["surge","wisp","ripple","pulse","trace","ray","veil","knot"],"weights":{"sprite":0.5,"monster":0.5},"rarity":"rare","tags_hint":["general"]},"plan":{"pos":"noun","themes":["habits"],"elements":["metal"],"related":["ember","gust","crest","tremor","ripple","prism","loop","veil"],"weights":{"sprite":0.5,"monster":0.5},"rarity":"common","tags_hint":["habits"]},"planful":{"pos":"noun","themes":["habits"],"elements":["metal"],"related":["groove","sigh","whirl","drift","root","gust","haze"],"weights":{"sprite":0.5,"monster":0.5},"rarity":"uncommon","tags_hint":["habits"]},"planing":{"pos":"verb","themes":["habits"],"elements":["metal"],"related":["seed","prism","aperture","gleam","spark","knot","echo"],"weights":{"sprite":0.6,"monster":0.4},"rarity":"uncommon","tags_hint":["habits"]},"planship":{"pos":"noun","themes":["habits"],"elements":["metal"],"related":["spiral","tremor","cinder","seed","thorn","pulse","ember","ripple","drift"],"weights":{"sprite":0.5,"monster":0.5},"rarity":"uncommon","tags_hint":["habits"]},"planstate":{"pos":"noun","themes":["habits"],"elements":["metal"],"related":["gust","thorn","groove","ray","hum","crest","ember","pulse"],"weights":{"sprite":0.5,"monster":0.5},"rarity":"uncommon","tags_hint":["habits"]},"plateau":{"pos":"noun","themes":["general"],"elements":["water"],"related":["ray","current","spray","ember","flare","cinder","spiral"],"weights":{"sprite":0.5,"monster":0.5},"rarity":"uncommon","tags_hint":["general"]},"plateauful":{"pos":"noun","themes":["general"],"elements":["water"],"related":["gust","flare","glimmer","pulse","drift","brine"],"weights":{"sprite":0.5,"monster":0.5},"rarity":"rare","tags_hint":["general"]},"plateauing":{"pos":"verb","themes":["general"],"elements":["water"],"related":["thorn","hum","wisp","bloom","current","ripple","glimmer"],"weights":{"sprite":0.6,"monster":0.4},"rarity":"rare","tags_hint":["general"]},"plateauless":{"pos":"noun","themes":["general"],"elements":["water"],"related":["prism","haze","gust","aperture","thorn","whirl","seed"],"weights":{"sprite":0.5,"monster":0.5},"rarity":"rare","tags_hint":["general"]},"postache":{"pos":"noun","themes":["general"],"elements":["water"],"related":["spoke","trace","current","aperture","pulse","seed","bloom","crest"],"weights":{"sprite":0.5,"monster":0.5},"rarity":"uncommon","tags_hint":["general"]},"postanxiety":{"pos":"noun","themes":["anxiety"],"elements":["water"],"related":["eddy","ripple","groove","spray","hum","step"],"weights":{"sprite":0.5,"monster":0.5},"rarity":"rare","tags_hint":["anxiety"]},"postburnout":{"pos":"noun","themes":["anxiety"],"elements":["fire"],"related":["rift","gleam","sigh","spark","ripple","spiral","whirl"],"weights":{"sprite":0.5,"monster":0.5},"rarity":"rare","tags_hint":["anxiety"]},"postcourage":{"pos":"noun","themes":["general"],"elements":["fire"],"related":["sigh","char","whirl","trace","loop","ripple","glimmer","drift"],"weights":{"sprite":0.35,"monster":0.65},"rarity":"rare","tags_hint":["general"]},"postdizzy":{"pos":"noun","themes":["general"],"elements":["water"],"related":["ripple","haze","root","groove","tremor","veil"],"weights":{"sprite":0.5,"monster":0.5},"rarity":"rare","tags_hint":["general"]},"postdoubt":{"pos":"noun","themes":["anxiety"],"elements":["shadow"],"related":["haze","root","drift","step","aperture","echo","sigh"],"weights":{"sprite":0.5,"monster":0.5},"rarity":"uncommon","tags_hint":["anxiety"]},"posteffort":{"pos":"noun","themes":["general"],"elements":["water"],"related":["root","rift","knot","drift","seed","veil","spoke","aperture"],"weights":{"sprite":0.5,"monster":0.5},"rarity":"rare","tags_hint":["general"]},"postfriend":{"pos":"noun","themes":["social"],"elements":["water"],"related":["surge","hum","sigh","tremor","trace","seed","flare"],"weights":{"sprite":0.5,"monster":0.5},"rarity":"rare","tags_hint":["social"]},"postfuzz":{"pos":"noun","themes":["general"],"elements":["water"],"related":["surge","thorn","current","tremor","prism","gust"],"weights":{"sprite":0.5,"monster":0.5},"rarity":"uncommon","tags_hint":["general"]},"postgrowth":{"pos":"noun","themes":["general"],"elements":["nature"],"related":["petal","cinder","surge","briar","trace","prism","tremor","spoke"],"weights":{"sprite":0.5,"monster":0.5},"rarity":"rare","tags_hint":["general"]},"postinsight":{"pos":"noun","themes":["general"],"elements":["air","metal"],"related":["groove","root","rift","surge","sigh","veil","cinder"],"weights":{"sprite":0.5,"monster":0.5},"rarity":"rare","tags_hint":["general"]},"postmelancholy":{"pos":"noun","themes":["general"],"elements":["water"],"related":["ember","rift","spark","seed","spiral","tremor","gleam","tide"],"weights":{"sprite":0.5,"monster":0.5},"rarity":"epic","tags_hint":["general"]},"postmove":{"pos":"noun","themes":["general"],"elements":["water"],"related":["flare","gleam","veil","thorn","hum","current"],"weights":{"sprite":0.5,"monster":0.5},"rarity":"uncommon","tags_hint":["general"]},"postpeace":{"pos":"noun","themes":["general"],"elements":["water"],"related":["seed","sigh","drift","hum","veil","groove","pulse","trace","tremor"],"weights":{"sprite":0.5,"monster":0.5},"rarity":"uncommon","tags_hint":["general"]},"postphone":{"pos":"noun","themes":["general"],"elements":["water"],"related":["spiral","root","prism","brine","spray","gleam","loop","drift"],"weights":{"sprite":0.5,"monster":0.5},"rarity":"uncommon","tags_hint":["general"]},"postpulse":{"pos":"noun","themes":["general"],"elements":["water"],"related":["flare","gleam","haze","drift","trace","ripple","glimmer","wisp","whirl","spiral"],"weights":{"sprite":0.5,"monster":0.5},"rarity":"uncommon","tags_hint":["general"]},"postreflect":{"pos":"noun","themes":["general"],"elements":["water"],"related":["rift","knot","spark","brine","drift","veil"],"weights":{"sprite":0.5,"monster":0.5},"rarity":"rare","tags_hint":["general"]},"postserenity":{"pos":"noun","themes":["general"],"elements":["water"],"related":["tremor","knot","current","root","haze","sigh","loop"],"weights":{"sprite":0.6,"monster":0.4},"rarity":"rare","tags_hint":["general"]},"postshare":{"pos":"noun","themes":["general"],"elements":["water"],"related":["aperture","hum","spoke","tide","ray","thorn","current","gust"],"weights":{"sprite":0.5,"monster":0.5},"rarity":"uncommon","tags_hint":["general"]},"postsimplify":{"pos":"noun","themes":["general"],"elements":["water"],"related":["gleam","bloom","whirl","spray","crest","tide","groove"],"weights":{"sprite":0.5,"monster":0.5},"rarity":"rare","tags_hint":["general"]},"postthreshold":{"pos":"noun","themes":["general"],"elements":["water"],"related":["flare","ripple","bloom","pulse","trace","current","loop","spray","haze"],"weights":{"sprite":0.5,"monster":0.5},"rarity":"epic","tags_hint":["general"]},"posttrigger":{"pos":"noun","themes":["general"],"elements":["water"],"related":["brine","knot","echo","seed","current","prism","veil"],"weights":{"sprite":0.5,"monster":0.5},"rarity":"rare","tags_hint":["general"]},"postwake":{"pos":"noun","themes":["sleep"],"elements":["water"],"related":["spark","tide","aperture","loop","gust","knot","seed","rift"],"weights":{"sprite":0.5,"monster":0.5},"rarity":"uncommon","tags_hint":["sleep"]},"postweekend":{"pos":"noun","themes":["general"],"elements":["water"],"related":["surge","rift","whirl","glimmer","haze","ember","current"],"weights":{"sprite":0.5,"monster":0.5},"rarity":"rare","tags_hint":["general"]},"postwork":{"pos":"noun","themes":["general"],"elements":["water"],"related":["ripple","sigh","thorn","tremor","aperture","knot","surge"],"weights":{"sprite":0.5,"monster":0.5},"rarity":"uncommon","tags_hint":["general"]},"postworry":{"pos":"noun","themes":["general"],"elements":["water"],"related":["step","hum","rift","tremor","loop","spiral","wisp","flare"],"weights":{"sprite":0.5,"monster":0.5},"rarity":"rare","tags_hint":["general"]},"practice":{"pos":"noun","themes":["general"],"elements":["water"],"related":["brine","prism","current","tide","tremor","surge"],"weights":{"sprite":0.5,"monster":0.5},"rarity":"uncommon","tags_hint":["general"]},"practiceing":{"pos":"verb","themes":["general"],"elements":["water"],"related":["brine","whirl","flare","sigh","veil","ember","surge"],"weights":{"sprite":0.6,"monster":0.4},"rarity":"rare","tags_hint":["general"]},"practicemode":{"pos":"noun","themes":["general"],"elements":["water"],"related":["brine","cinder","root","loop","tremor","aperture","bloom"],"weights":{"sprite":0.5,"monster":0.5},"rarity":"rare","tags_hint":["general"]},"preanxiety":{"pos":"noun","themes":["anxiety"],"elements":["water"],"related":["gust","drift","tide","gleam","loop","glimmer","ember","knot"],"weights":{"sprite":0.5,"monster":0.5},"rarity":"rare","tags_hint":["anxiety"]},"preclean":{"pos":"noun","themes":["general"],"elements":["water"],"related":["ray","veil","crest","whirl","drift","tide","eddy","flare"],"weights":{"sprite":0.5,"monster":0.5},"rarity":"uncommon","tags_hint":["general"]},"preconfusion":{"pos":"noun","themes":["general"],"elements":["water"],"related":["spark","eddy","pulse","gleam","spray","hum","sigh","gust","ray"],"weights":{"sprite":0.5,"monster":0.5},"rarity":"rare","tags_hint":["general"]},"prediscipline":{"pos":"noun","themes":["habits"],"elements":["metal"],"related":["flare","ray","drift","ember","spiral","root","echo","crest"],"weights":{"sprite":0.5,"monster":0.5},"rarity":"epic","tags_hint":["habits"]},"predoubt":{"pos":"noun","themes":["anxiety"],"elements":["shadow"],"related":["surge","dusk","step","sable","ray","knot","hum","gust","tremor"],"weights":{"sprite":0.5,"monster":0.5},"rarity":"uncommon","tags_hint":["anxiety"]},"preenvy":{"pos":"noun","themes":["general"],"elements":["water"],"related":["drift","rift","prism","gleam","knot","loop"],"weights":{"sprite":0.5,"monster":0.5},"rarity":"uncommon","tags_hint":["general"]},"prefamily":{"pos":"noun","themes":["social"],"elements":["water"],"related":["spark","flare","wisp","brine","tremor","hum"],"weights":{"sprite":0.5,"monster":0.5},"rarity":"uncommon","tags_hint":["social"]},"preflutter":{"pos":"noun","themes":["general"],"elements":["water"],"related":["ray","drift","wisp","spark","hum","glimmer","gust","cinder"],"weights":{"sprite":0.5,"monster":0.5},"rarity":"rare","tags_hint":["general"]},"preforgiveness":{"pos":"noun","themes":["general"],"elements":["water"],"related":["root","wisp","crest","haze","trace","gleam","glimmer"],"weights":{"sprite":0.5,"monster":0.5},"rarity":"epic","tags_hint":["general"]},"prefriend":{"pos":"noun","themes":["social"],"elements":["water"],"related":["echo","cinder","step","haze","crest","drift","root"],"weights":{"sprite":0.5,"monster":0.5},"rarity":"uncommon","tags_hint":["social"]},"preglare":{"pos":"noun","themes":["general"],"elements":["water"],"related":["ray","surge","trace","sigh","tremor","spiral","aperture"],"weights":{"sprite":0.5,"monster":0.5},"rarity":"uncommon","tags_hint":["general"]},"pregratitude":{"pos":"noun","themes":["general"],"elements":["water"],"related":["root","veil","pulse","whirl","echo","wisp"],"weights":{"sprite":0.6,"monster":0.4},"rarity":"rare","tags_hint":["general"]},"pregrowth":{"pos":"noun","themes":["general"],"elements":["nature"],"related":["gleam","trace","leaf","veil","tremor","flare","groove","tide","seed"],"weights":{"sprite":0.5,"monster":0.5},"rarity":"rare","tags_hint":["general"]},"prehabit":{"pos":"noun","themes":["habits"],"elements":["water"],"related":["ember","glimmer","crest","tremor","flare","step","gleam","bloom","echo","brine"],"weights":{"sprite":0.5,"monster":0.5},"rarity":"uncommon","tags_hint":["habits"]},"premigraine":{"pos":"noun","themes":["general"],"elements":["water"],"related":["crest","root","loop","haze","ember","current"],"weights":{"sprite":0.5,"monster":0.5},"rarity":"rare","tags_hint":["general"]},"premorning":{"pos":"verb","themes":["sleep"],"elements":["water"],"related":["aperture","brine","loop","step","seed","spark","pulse"],"weights":{"sprite":0.6,"monster":0.4},"rarity":"rare","tags_hint":["sleep"]},"preorganize":{"pos":"noun","themes":["general"],"elements":["water"],"related":["cinder","knot","spray","prism","surge","bloom","eddy","gleam"],"weights":{"sprite":0.5,"monster":0.5},"rarity":"rare","tags_hint":["general"]},"prepare":{"pos":"noun","themes":["general"],"elements":["water"],"related":["bloom","groove","gust","haze","spiral","trace","thorn","eddy","wisp"],"weights":{"sprite":0.5,"monster":0.5},"rarity":"uncommon","tags_hint":["general"]},"prepareed":{"pos":"noun","themes":["general"],"elements":["water"],"related":["wisp","gust","thorn","seed","glimmer","eddy","veil","ember","groove"],"weights":{"sprite":0.5,"monster":0.5},"rarity":"uncommon","tags_hint":["general"]},"prepareing":{"pos":"verb","themes":["general"],"elements":["water"],"related":["sigh","tide","hum","haze","aperture","eddy","cinder","ray","crest","wisp"],"weights":{"sprite":0.6,"monster":0.4},"rarity":"rare","tags_hint":["general"]},"preparemode":{"pos":"noun","themes":["general"],"elements":["water"],"related":["trace","surge","prism","current","spiral","root"],"weights":{"sprite":0.5,"monster":0.5},"rarity":"rare","tags_hint":["general"]},"prephone":{"pos":"noun","themes":["general"],"elements":["water"],"related":["brine","spoke","rift","ripple","knot","current"],"weights":{"sprite":0.5,"monster":0.5},"rarity":"uncommon","tags_hint":["general"]},"prepractice":{"pos":"noun","themes":["general"],"elements":["water"],"related":["gleam","spray","whirl","spoke","ember","cinder"],"weights":{"sprite":0.5,"monster":0.5},"rarity":"rare","tags_hint":["general"]},"preproject":{"pos":"noun","themes":["general"],"elements":["water"],"related":["tide","flare","wisp","groove","sigh","prism","thorn","gust"],"weights":{"sprite":0.5,"monster":0.5},"rarity":"rare","tags_hint":["general"]},"prereflect":{"pos":"noun","themes":["general"],"elements":["water"],"related":["trace","loop","spoke","knot","spark","echo","pulse"],"weights":{"sprite":0.5,"monster":0.5},"rarity":"rare","tags_hint":["general"]},"preresolve":{"pos":"noun","themes":["general"],"elements":["metal"],"related":["spoke","seed","ripple","ray","thorn","gleam","sigh","pulse"],"weights":{"sprite":0.5,"monster":0.5},"rarity":"rare","tags_hint":["general"]},"presimplify":{"pos":"noun","themes":["general"],"elements":["water"],"related":["gleam","spray","rift","drift","tremor","aperture","spark"],"weights":{"sprite":0.5,"monster":0.5},"rarity":"rare","tags_hint":["general"]},"prestreet":{"pos":"noun","themes":["sleep"],"elements":["water"],"related":["root","cinder","seed","surge","echo","spiral","ember"],"weights":{"sprite":0.5,"monster":0.5},"rarity":"uncommon","tags_hint":["sleep"]},"presurprise":{"pos":"noun","themes":["general"],"elements":["water"],"related":["ripple","loop","spiral","ember","bloom","glimmer","thorn"],"weights":{"sprite":0.5,"monster":0.5},"rarity":"rare","tags_hint":["general"]},"prethreshold":{"pos":"noun","themes":["general"],"elements":["water"],"related":["prism","bloom","knot","rift","spiral","wisp","eddy"],"weights":{"sprite":0.5,"monster":0.5},"rarity":"rare","tags_hint":["general"]},"pretrack":{"pos":"noun","themes":["habits"],"elements":["water"],"related":["brine","rift","whirl","gleam","seed","glimmer","haze"],"weights":{"sprite":0.5,"monster":0.5},"rarity":"uncommon","tags_hint":["habits"]},"pretremor":{"pos":"noun","themes":["general"],"elements":["water"],"related":["prism","seed","aperture","pulse","brine","sigh","flare","ray"],"weights":{"sprite":0.5,"monster":0.5},"rarity":"uncommon","tags_hint":["general"]},"pretrigger":{"pos":"noun","themes":["general"],"elements":["water"],"related":["hum","brine","knot","glimmer","tide","trace"],"weights":{"sprite":0.5,"monster":0.5},"rarity":"rare","tags_hint":["general"]},"pride":{"pos":"noun","themes":["general"],"elements":["water"],"related":["tide","brine","ripple","echo","prism","knot","tremor"],"weights":{"sprite":0.5,"monster":0.5},"rarity":"common","tags_hint":["general"]},"prideship":{"pos":"noun","themes":["general"],"elements":["water"],"related":["ripple","surge","gust","pulse","glimmer","prism"],"weights":{"sprite":0.5,"monster":0.5},"rarity":"uncommon","tags_hint":["general"]},"prioritize":{"pos":"noun","themes":["habits"],"elements":["water"],"related":["sigh","trace","surge","prism","glimmer","flare","thorn"],"weights":{"sprite":0.5,"monster":0.5},"rarity":"rare","tags_hint":["habits"]},"prioritizeless":{"pos":"noun","themes":["habits"],"elements":["water"],"related":["drift","aperture","groove","step","spiral","current","rift"],"weights":{"sprite":0.5,"monster":0.5},"rarity":"epic","tags_hint":["habits"]},"progress":{"pos":"noun","themes":["general"],"elements":["water"],"related":["cinder","flare","spark","bloom","pulse","hum","root"],"weights":{"sprite":0.5,"monster":0.5},"rarity":"uncommon","tags_hint":["general"]},"progressing":{"pos":"verb","themes":["general"],"elements":["water"],"related":["sigh","surge","groove","hum","veil","tide","knot","trace"],"weights":{"sprite":0.6,"monster":0.4},"rarity":"rare","tags_hint":["general"]},"project":{"pos":"noun","themes":["general"],"elements":["water"],"related":["current","seed","spark","step","spoke","flare"],"weights":{"sprite":0.5,"monster":0.5},"rarity":"uncommon","tags_hint":["general"]},"projectmode":{"pos":"noun","themes":["general"],"elements":["water"],"related":["drift","wisp","surge","gust","seed","knot","trace"],"weights":{"sprite":0.5,"monster":0.5},"rarity":"rare","tags_hint":["general"]},"pulse":{"pos":"noun","themes":["general"],"elements":["water"],"related":["thorn","tide","whirl","loop","sigh","hum","veil","groove"],"weights":{"sprite":0.5,"monster":0.5},"rarity":"common","tags_hint":["general"]}}