{"failure":{"pos":"noun","themes":["general"],"elements":["light"],"related":["drift","whirl","bloom","haze","cinder","gleam","crest"],"weights":{"sprite":0.5,"monster":0.5},"rarity":"uncommon","tags_hint":["general"]},"failurecycle":{"pos":"noun","themes":["general"],"elements":["light"],"related":["spark","hum","gust","haze","echo","bloom","tide","aperture","veil"],"weights":{"sprite":0.5,"monster":0.5},"rarity":"rare","tags_hint":["general"]},"failureful":{"pos":"noun","themes":["general"],"elements":["light"],"related":["tide","seed","haze","glimmer","flare","crest","cinder"],"weights":{"sprite":0.5,"monster":0.5},"rarity":"rare","tags_hint":["general"]},"failureloop":{"pos":"noun","themes":["general"],"elements":["light"],"related":["knot","gust","groove","step","ray","bloom","ember"],"weights":{"sprite":0.5,"monster":0.5},"rarity":"rare","tags_hint":["general"]},"failuremode":{"pos":"noun","themes":["general"],"elements":["light"],"related":["rift","step","drift","beam","ripple","groove"],"weights":{"sprite":0.5,"monster":0.5},"rarity":"rare","tags_hint":["general"]},"family":{"pos":"noun","themes":["social"],"elements":["light"],"related":["haze","bloom","root","groove","spark","glimmer","crest"],"weights":{"sprite":0.5,"monster":0.5},"rarity":"uncommon","tags_hint":["social"]},"familyed":{"pos":"noun","themes":["social"],"elements":["light"],"related":["root","gust","surge","veil","bloom","groove","loop","echo"],"weights":{"sprite":0.5,"monster":0.5},"rarity":"uncommon","tags_hint":["social"]},"familyloop":{"pos":"noun","themes":["social"],"elements":["light"],"related":["groove","beam","spoke","bloom","step","prism"],"weights":{"sprite":0.5,"monster":0.5},"rarity":"rare","tags_hint":["social"]},"fatigue":{"pos":"noun","themes":["sleep"],"elements":["light"],"related":["cinder","ripple","knot","root","echo","thorn","ray","trace"],"weights":{"sprite":0.5,"monster":0.5},"rarity":"uncommon","tags_hint":["sleep"]},"fatiguecycle":{"pos":"noun","themes":["sleep"],"elements":["light"],"related":["sigh","ray","pulse","tremor","knot","echo"],"weights":{"sprite":0.5,"monster":0.5},"rarity":"rare","tags_hint":["sleep"]},"fatigueful":{"pos":"noun","themes":["sleep"],"elements":["light"],"related":["knot","rift","glimmer","bloom","drift","ripple","prism"],"weights":{"sprite":0.5,"monster":0.5},"rarity":"rare","tags_hint":["sleep"]},"fear":{"pos":"noun","themes":["anxiety"],"elements":["shadow"],"related":["echo","ripple","groove","gust","bloom","sigh","trace"],"weights":{"sprite":0.35,"monster":0.65},"rarity":"common","tags_hint":["anxiety"]},"fearless":{"pos":"noun","themes":["anxiety"],"elements":["shadow"],"related":["rift","haze","whirl","seed","wisp","echo"],"weights":{"sprite":0.35,"monster":0.65},"rarity":"uncommon","tags_hint":["anxiety"]},"fearmode":{"pos":"noun","themes":["anxiety"],"elements":["shadow"],"related":["step","cinder","haze","root","tide","ripple","mire","prism"],"weights":{"sprite":0.35,"monster":0.65},"rarity":"uncommon","tags_hint":["anxiety"]},"fearphase":{"pos":"noun","themes":["anxiety"],"elements":["shadow"],"related":["haze","crest","gust","knot","spoke","whirl","sable","prism","step"],"weights":{"sprite":0.35,"monster":0.65},"rarity":"uncommon","tags_hint":["anxiety"]},"feedback":{"pos":"noun","themes":["general"],"elements":["light"],"related":["tremor","groove","ripple","trace","crest","prism"],"weights":{"sprite":0.5,"monster":0.5},"rarity":"uncommon","tags_hint":["general"]},"feedbackful":{"pos":"noun","themes":["general"],"elements":["light"],"related":["step","prism","glimmer","gust","surge","loop","sigh"],"weights":{"sprite":0.5,"monster":0.5},"rarity":"rare","tags_hint":["general"]},"feedbackmode":{"pos":"noun","themes":["general"],"elements":["light"],"related":["drift","tremor","ember","sigh","wisp","spark"],"weights":{"sprite":0.5,"monster":0.5},"rarity":"rare","tags_hint":["general"]},"feedbackness":{"pos":"noun","themes":["general"],"elements":["light"],"related":["gust","halo","haze","crest","loop","ember"],"weights":{"sprite":0.5,"monster":0.5},"rarity":"rare","tags_hint":["general"]},"flutter":{"pos":"noun","themes":["general"],"elements":["light"],"related":["bloom","tremor","glow","knot","spark","trace","ripple","cinder","crest"],"weights":{"sprite":0.5,"monster":0.5},"rarity":"uncommon","tags_hint":["general"]},"flutterful":{"pos":"noun","themes":["general"],"elements":["light"],"related":["rift","ray","tide","flare","tremor","veil","ripple"],"weights":{"sprite":0.5,"monster":0.5},"rarity":"rare","tags_hint":["general"]},"focus":{"pos":"noun","themes":["general"],"elements":["light"],"related":["flare","prism","halo","hum","ripple","drift","gust","beam"],"weights":{"sprite":0.5,"monster":0.5},"rarity":"common","tags_hint":["general"]},"focuscycle":{"pos":"noun","themes":["general"],"elements":["light"],"related":["ray","sigh","groove","thorn","wisp","glimmer"],"weights":{"sprite":0.5,"monster":0.5},"rarity":"rare","tags_hint":["general"]},"focusful":{"pos":"noun","themes":["general"],"elements":["light"],"related":["whirl","rift","ripple","sigh","step","knot","hum"],"weights":{"sprite":0.5,"monster":0.5},"rarity":"uncommon","tags_hint":["general"]},"focusment":{"pos":"noun","themes":["general"],"elements":["light"],"related":["ripple","hum","ember","wisp","spark","ray"],"weights":{"sprite":0.5,"monster":0.5},"rarity":"uncommon","tags_hint":["general"]},"forgiveness":{"pos":"noun","themes":["general"],"elements":["light"],"related":["pulse","step","veil","haze","spoke","prism","flare","tremor"],"weights":{"sprite":0.5,"monster":0.5},"rarity":"rare","tags_hint":["general"]},"forgivenessloop":{"pos":"noun","themes":["general"],"elements":["light"],"related":["crest","beam","ray","surge","tide","ripple","seed"],"weights":{"sprite":0.5,"monster":0.5},"rarity":"epic","tags_hint":["general"]},"friend":{"pos":"noun","themes":["social"],"elements":["light"],"related":["surge","thorn","whirl","knot","bloom","echo"],"weights":{"sprite":0.5,"monster":0.5},"rarity":"uncommon","tags_hint":["social"]},"friendless":{"pos":"noun","themes":["social"],"elements":["light"],"related":["pulse","spoke","sigh","prism","wisp","surge"],"weights":{"sprite":0.5,"monster":0.5},"rarity":"rare","tags_hint":["social"]},"friendstate":{"pos":"noun","themes":["social"],"elements":["light"],"related":["spoke","drift","cinder","root","gust","tremor","pulse"],"weights":{"sprite":0.5,"monster":0.5},"rarity":"rare","tags_hint":["social"]},"frustration":{"pos":"noun","themes":["general"],"elements":["light"],"related":["loop","hum","sigh","tremor","spark","gust","veil"],"weights":{"sprite":0.5,"monster":0.5},"rarity":"rare","tags_hint":["general"]},"frustrationness":{"pos":"noun","themes":["general"],"elements":["light"],"related":["spark","veil","knot","step","seed","groove","hum","glimmer"],"weights":{"sprite":0.5,"monster":0.5},"rarity":"epic","tags_hint":["general"]},"fuzz":{"pos":"noun","themes":["general"],"elements":["light"],"related":["step","glimmer","ripple","glow","gleam","spoke","pulse","knot"],"weights":{"sprite":0.5,"monster":0.5},"rarity":"common","tags_hint":["general"]},"fuzzcycle":{"pos":"noun","themes":["general"],"elements":["light"],"related":["gleam","trace","hum","spark","haze","loop"],"weights":{"sprite":0.5,"monster":0.5},"rarity":"rare","tags_hint":["general"]},"fuzzing":{"pos":"verb","themes":["general"],"elements":["light"],"related":["root","bloom","glow","beam","echo","spoke","thorn"],"weights":{"sprite":0.6,"monster":0.4},"rarity":"uncommon","tags_hint":["general"]}}