{"maps":[{"match":"fire|anger|rage|burn|cinder|ember|smoke|sear","element":"fire"},{"match":"water|tears|flow|river|tide|ripple|brine|stream","element":"water"},{"match":"steel|resolve|plan|discipline|gear|machine|metal|tin|copper","element":"metal"},{"match":"shadow|fear|doubt|night|gloom|shade|mire|sable","element":"shadow"},{"match":"growth|seed|garden|forest|moss|thorn|briar|leaf|root|verdant|nature","element":"nature"},{"match":"spark|idea|light|clarity|halo|dawn|prism|gleam|glow|ray|shine","element":"light"},{"match":"wind|breath|air|panic|zephyr|gasp|sigh|gust|draft","element":"air"}],"fallbackBySentiment":{"positive":"light","neutral":"nature","mixed":"air","negative":"shadow"}}