{
  "version": "1.0.0",
  "files": [
    {
      "name": "basewords-a.json",
      "size": 17693,
      "sha256": "e647d6ba45c4baa285c2b31a61bc47e9219cdabd75e500f1d5e785e05f61ca5f"
    },
    {
      "name": "basewords-b.json",
      "size": 10065,
      "sha256": "c7ae9bd152b951c165ab924c59169a7e635721a66464b7c20e6db792c93555da"
    },
    {
      "name": "basewords-c.json",
      "size": 28865,
      "sha256": "b355319c1ecb2a4514b7858441ce583fbb8dd571ab9e8ae90e8e5baaa0871fd7"
    },
    {
      "name": "basewords-d.json",
      "size": 4747,
      "sha256": "1c2b85a0a5468b6428ca02987990696932841e25208398e60a343d2e69b51744"
    },
    {
      "name": "basewords-e.json",
      "size": 5302,
      "sha256": "d7cd7fe76cbb22e4245b724c472c0e95fa1d08ee635d6358cdf9f35975a87db1"
    },
    {
      "name": "basewords-f.json",
      "size": 7546,
      "sha256": "db8f8d427829dc147afaa24ddbff9c900188b7504160f23f1ec080be0972a20c"
    },
    {
      "name": "basewords-g.json",
      "size": 6890,
      "sha256": "8f747174916deb51c4ea8d4cb36d4dd5b4d95fa2f6db73610b1bf0ed719b1b07"
    },
    {
      "name": "basewords-h.json",
      "size": 6640,
      "sha256": "a51c97c3ff1e36ba2e9834005df2d965c9a42cb340e30989ebe4483d7b28ba02"
    },
    {
      "name": "basewords-i.json",
      "size": 8353,
      "sha256": "a9d8ca3c2d1bc347dc9fe9d18aaa021ea78973780c22eee3b1b6de72c148d65c"
    },
    {
      "name": "basewords-j.json",
      "size": 2954,
      "sha256": "b2f329e9a06da8825958cc99f72af6ebd3d252c49e85436e1c08aa0af489718b"
    },
    {
      "name": "basewords-k.json",
      "size": 443,
      "sha256": "c54e99d0283323d7b490fb383ae4935ca525b8290683f28de93e58e6bed78fe7"
    },
    {
      "name": "basewords-l.json",
      "size": 3722,
      "sha256": "cbbedbe9e0d7994d09364ff34ad3322b348fa813cf4b6b6a6c44da2528acbd22"
    },
    {
      "name": "basewords-m.json",
      "size": 12161,
      "sha256": "6f0427372aaea7052cd53e3bf988d2abfdffb5aebb5cd08af43d5820ecda8410"
    },
    {
      "name": "basewords-n.json",
      "size": 1720,
      "sha256": "e3cf0cfe734bbaf220bae03d08d2b736f6a67a838cb1d52ee7083014110e0435"
    },
    {
      "name": "basewords-o.json",
      "size": 16455,
      "sha256": "7773c631b1bcd32486f68150f0849a1402d4c8540c7e86f677d2860eb1423836"
    },
    {
      "name": "basewords-p.json",
      "size": 23336,
      "sha256": "9375e6f333f17d7c350e975bead75fba5ef60f89fffde0c6598ce5ae1f635aa8"
    },
    {
      "name": "basewords-q.json",
      "size": 2,
      "sha256": "44136fa355b3678a1146ad16f7e8649e94fb4fc21fe77e8310c060f61caaff8a"
    },
    {
      "name": "basewords-r.json",
      "size": 18122,
      "sha256": "367016938b1142e929c11d7ebe273cd82483fab3b7e249becc490a617dd71345"
    },
    {
      "name": "basewords-s.json",
      "size": 24359,
      "sha256": "20bdb91a8d382f418278fc0e8d5372433788461b14210813e3ec1c6b1a0b870c"
    },
    {
      "name": "basewords-t.json",
      "size": 11159,
      "sha256": "44530b636187e6ec07f6de8e5f2a7b92c516f95e41265221df4576ef836541c5"
    },
    {
      "name": "basewords-u.json",
      "size": 10408,
      "sha256": "5f3bec949765db8ae0ef29bf7a3bd0e3d28b5b0c741bbcb3f6fde134ba30a356"
    },
    {
      "name": "basewords-v.json",
      "size": 2,
      "sha256": "44136fa355b3678a1146ad16f7e8649e94fb4fc21fe77e8310c060f61caaff8a"
    },
    {
      "name": "basewords-w.json",
      "size": 2,
      "sha256": "44136fa355b3678a1146ad16f7e8649e94fb4fc21fe77e8310c060f61caaff8a"
    },
    {
      "name": "basewords-x.json",
      "size": 2,
      "sha256": "44136fa355b3678a1146ad16f7e8649e94fb4fc21fe77e8310c060f61caaff8a"
    },
    {
      "name": "basewords-y.json",
      "size": 2,
      "sha256": "44136fa355b3678a1146ad16f7e8649e94fb4fc21fe77e8310c060f61caaff8a"
    },
    {
      "name": "basewords-z.json",
      "size": 2,
      "sha256": "44136fa355b3678a1146ad16f7e8649e94fb4fc21fe77e8310c060f61caaff8a"
    },
    {
      "name": "secondary-seeds.json",
      "size": 377,
      "sha256": "32b70fb8ded1813eaf66d16b99c4fbdda811437b3bc63a7f2483db2bf36ed292"
    },
    {
      "name": "elements.json",
      "size": 695,
      "sha256": "03e6c43f2b34b33243f331c0afbefa9ba29a5fc8e0b12cc5a93e7f4e87a5b171"
    },
    {
      "name": "types.json",
      "size": 1007,
      "sha256": "369e4b8f6079f841a1845aa746de7e0a2de08a7cf0ad7912464b362ddda25987"
    },
    {
      "name": "color-palettes.json",
      "size": 297,
      "sha256": "7fd9ede653ea2e8d06a4ffa723b95173c77a43f88dec7ba0e1affaf463dc5374"
    },
    {
      "name": "attacks.json",
      "size": 1158,
      "sha256": "f3301a640d2c95c80d3d9742d512e313b989d0eff9891caf079362a9e255ddc1"
    }
  ]
}