{"monsterTypes":{"shadow":{"negative":["Gloomimp","Nightgremlin","Shadepix"],"mixed":["Murkwisp","Veilgremlin"],"neutral":["Duskimp"]},"fire":{"negative":["Ashgremlin","Sootimp"],"positive":["Cinderimp"],"neutral":["Coalwight"]},"metal":{"positive":["Gearwight","Tinimp"],"neutral":["Coppergremlin"],"mixed":["Clankwisp"]},"nature":{"positive":["Mossling","Bloomimp"],"neutral":["Thornimp"],"mixed":["Briarwisp"]},"light":{"positive":["Dawnwisp","Prismimp"],"mixed":["Gleamgremlin"],"neutral":["Raywight"]},"air":{"mixed":["Flittergremlin","Gustwisp"],"negative":["Raspwisp"],"neutral":["Draftimp"]},"water":{"mixed":["Tidelimp","Brinegremlin"],"negative":["Slickwisp"],"neutral":["Eddiewight"]}},"spriteTypes":{"light":["Halo Orb","Aurora Sprite","Ray Orb"],"nature":["Seed Sprite","Verdant Orb","Bloom Sprite"],"air":["Zephyr Orb","Breath Sprite","Gust Orb"],"shadow":["Umbral Orb","Dusk Orb"],"fire":["Cinder Sprite","Ember Orb"],"water":["Ripple Orb","Tide Sprite"],"metal":["Aegis Sprite","Gear Orb"]}}